[{"currency_code": "xp", "type": "VIRTUAL", "friendly_name": "Test XP", "reported": false, "fraction_digit_count": 0, "metadata": {"wot": {"type": {"data": "custom/xp", "@type": "String"}}}, "created_at": "2021-04-27T11:12:14.610769Z", "updated_at": "2021-04-27T11:12:14.612220Z", "active": true, "title_code": "ru.integr", "currency_id": "01791358-e2c8-7721-561f-4afe4577f1f7", "exchange": {}}, {"currency_code": "test_currency", "type": "VIRTUAL", "friendly_name": "Test Currency", "reported": false, "fraction_digit_count": 0, "metadata": {"wot": {"type": {"data": "custom/test_currency", "@type": "String"}}}, "created_at": "2021-04-27T11:12:14.717416Z", "updated_at": "2021-04-27T11:12:14.717960Z", "active": true, "title_code": "ru.integr", "currency_id": "01791358-e2c8-7826-fd86-6f85fe4b8b94", "exchange": {}}, {"currency_code": "gold", "type": "VIRTUAL", "friendly_name": "gold", "reported": true, "fraction_digit_count": 0, "metadata": {}, "created_at": "2021-04-27T11:12:14.570647Z", "updated_at": "2021-04-27T11:12:14.571589Z", "active": true, "title_code": "ru.integr", "currency_id": "01791358-e2c8-dcd6-b767-bd5ceb15f0fc", "exchange": {}}]