[{"entitlement_code": "test_entitlement_frontline_tank", "type": "OWNERSHIP", "value_type": "number", "friendly_name": "Frontline Tank which can be rent", "reported": true, "max_amount": 0, "max_amount_global": 0, "metadata": {}, "created_at": "2021-04-27T11:49:25.343609Z", "updated_at": "2021-04-27T11:49:25.344154Z", "active": true, "title_code": "ru.integr", "catalog": "ru.integr-MAIN-10046", "expiration_expression": null, "expiration_seconds": null, "expiration_type": "NONE", "filter_properties": [], "compensation": {}, "entitlement_id": "01797a09-3d00-2961-4329-6bd63395aa9c", "relationships": []}, {"entitlement_code": "test_generic_prereq_entitlement_a", "type": "OWNERSHIP", "value_type": "number", "friendly_name": "Entitlement for prereq testing", "reported": true, "max_amount": 0, "max_amount_global": 0, "metadata": {}, "created_at": "2021-04-27T11:49:29.561187Z", "updated_at": "2021-04-27T11:49:29.561810Z", "active": true, "title_code": "ru.integr", "catalog": "ru.integr-MAIN-10046", "expiration_expression": null, "expiration_seconds": null, "expiration_type": "NONE", "filter_properties": [], "compensation": {}, "entitlement_id": "01797a09-3d00-5091-45aa-215d9fc05c9e", "relationships": []}, {"entitlement_code": "test_entitlement_unlock", "type": "OWNERSHIP", "value_type": "number", "friendly_name": "Unlock Test Entitlement", "reported": true, "max_amount": 0, "max_amount_global": 0, "metadata": {}, "created_at": "2021-04-27T11:49:29.690721Z", "updated_at": "2021-04-27T11:49:29.691430Z", "active": true, "title_code": "ru.integr", "catalog": "ru.integr-MAIN-10046", "expiration_expression": null, "expiration_seconds": null, "expiration_type": "NONE", "filter_properties": [], "compensation": {}, "entitlement_id": "01797a09-3d00-7636-1a21-904cf633b71b", "relationships": []}, {"entitlement_code": "test_entitlement_scalar", "type": "OWNERSHIP", "value_type": "number", "friendly_name": "Scalar Test Entitlement", "reported": true, "max_amount": 0, "max_amount_global": 0, "metadata": {}, "created_at": "2021-04-27T11:49:29.701487Z", "updated_at": "2021-04-27T11:49:29.702189Z", "active": true, "title_code": "ru.integr", "catalog": "ru.integr-MAIN-10046", "expiration_expression": null, "expiration_seconds": null, "expiration_type": "NONE", "filter_properties": [], "compensation": {}, "entitlement_id": "01797a09-3d00-ad44-0849-83eba6e36995", "relationships": []}, {"entitlement_code": "test_entitlement_generic_2", "type": "OWNERSHIP", "value_type": "number", "friendly_name": "Generic Test Ent.2", "reported": true, "max_amount": 0, "max_amount_global": 0, "metadata": {}, "created_at": "2021-04-27T11:49:29.923072Z", "updated_at": "2021-04-27T11:49:29.923487Z", "active": true, "title_code": "ru.integr", "catalog": "ru.integr-MAIN-10046", "expiration_expression": null, "expiration_seconds": null, "expiration_type": "NONE", "filter_properties": [], "compensation": {}, "entitlement_id": "01797a09-3d00-08b3-7ab9-ae09d4f2d9a7", "relationships": []}, {"entitlement_code": "test_entitlement_generic", "type": "OWNERSHIP", "value_type": "number", "friendly_name": "Generic Test Entitlement", "reported": true, "max_amount": 0, "max_amount_global": 0, "metadata": {}, "created_at": "2021-04-27T11:49:29.931641Z", "updated_at": "2021-04-27T11:49:29.932085Z", "active": true, "title_code": "ru.integr", "catalog": "ru.integr-MAIN-10046", "expiration_expression": null, "expiration_seconds": null, "expiration_type": "NONE", "filter_properties": [], "compensation": {}, "entitlement_id": "01797a09-3d00-fb21-1720-17462ebbd9b4", "relationships": []}, {"entitlement_code": "test_entitlement_max_1", "type": "OWNERSHIP", "value_type": "number", "friendly_name": "Default Inventory Entitlement", "reported": true, "max_amount": 1, "max_amount_global": 1, "metadata": {}, "created_at": "2021-04-27T11:49:30.039113Z", "updated_at": "2021-04-27T11:49:30.039733Z", "active": true, "title_code": "ru.integr", "catalog": "ru.integr-MAIN-10046", "expiration_expression": null, "expiration_seconds": null, "expiration_type": "NONE", "filter_properties": [], "compensation": {}, "entitlement_id": "01797a09-3d00-2c21-2afd-a7a700df4aa6", "relationships": []}, {"entitlement_code": "test_entitlement_with_compensation", "type": "OWNERSHIP", "value_type": "number", "friendly_name": "Compensation Entitlement", "reported": true, "max_amount": 1, "max_amount_global": 1, "metadata": {}, "created_at": "2021-05-19T12:24:10.523456Z", "updated_at": "2021-05-19T12:24:10.523966Z", "active": true, "title_code": "ru.integr", "catalog": "ru.integr-MAIN-10046", "expiration_expression": "+0d 00:00", "expiration_seconds": null, "expiration_type": "NONE", "filter_properties": [], "compensation": {"type": "CURRENCY", "amount": 100, "code": "test_currency"}, "entitlement_id": "01798496-1634-c6ef-54f6-4566a56264ee", "relationships": []}, {"entitlement_code": "test_generic_prereq_entitlement_b", "type": "OWNERSHIP", "value_type": "number", "friendly_name": "Entitlement for prereq testing", "reported": true, "max_amount": 0, "max_amount_global": 0, "metadata": {}, "created_at": "2021-04-27T11:49:29.560649Z", "updated_at": "2021-04-27T11:49:29.561204Z", "active": true, "title_code": "ru.integr", "catalog": "ru.integr-MAIN-10046", "expiration_expression": null, "expiration_seconds": null, "expiration_type": "NONE", "filter_properties": [], "compensation": {}, "entitlement_id": "01797a09-3d00-a21c-60e0-b02def828dde", "relationships": []}, {"entitlement_code": "frontline_token", "type": "OWNERSHIP", "value_type": "number", "friendly_name": "Frontline Token", "reported": true, "max_amount": 0, "max_amount_global": 0, "metadata": {}, "created_at": "2021-04-27T12:43:31.476334Z", "updated_at": "2021-04-27T12:43:31.477131Z", "active": true, "title_code": "ru.integr", "catalog": "ru.integr-MAIN-10046", "expiration_expression": "+0d 00:00", "expiration_seconds": null, "expiration_type": "NONE", "filter_properties": [], "compensation": {}, "entitlement_id": "01797a09-3d00-9362-ce4a-a25780865020", "relationships": []}]