[{"id": "01791358-e447-2c8d-506a-717e53479fd3", "code": "test_override_omega_test_3x_override_product_697f0", "created_at": "2021-04-27T11:53:21.576952Z", "updated_at": "2021-04-27T11:53:21.577601Z", "title_code": "ru.integr", "friendly_name": "applied first", "overrides": {"test_3x_override_product": {"discounts": [{"type": "PCT_PRO", "value": 0}], "fields": {"metadata": {"test_namespace": {"01_prod": {"data": "01_prod", "@type": "String"}, "02_prod": {"data": "01_prod", "@type": "String"}, "03_prod": {"data": "01_prod", "@type": "String"}}}}, "limited_quantity": false}}}, {"id": "01791358-e447-3783-cc60-040dbafd255c", "code": "test_discount_basic_override_test_product_wi_1c3c6", "created_at": "2021-04-27T11:53:21.836272Z", "updated_at": "2021-04-27T11:53:21.836708Z", "title_code": "ru.integr", "friendly_name": "purchase test over", "overrides": {"test_product_with_discount": {"discounts": [{"type": "PCT_PRO", "value": 20.0}], "fields": {"metadata": {}}, "limited_quantity": false}}}, {"id": "01791358-e447-90f3-c6eb-2003e4ca1c57", "code": "test_blank_bool_fields_override_test_true_bo_5d533", "created_at": "2021-04-27T11:53:21.958674Z", "updated_at": "2021-04-27T11:53:21.959126Z", "title_code": "ru.integr", "friendly_name": "no fields", "overrides": {"test_true_bools_override_product": {"discounts": [{"type": "PCT_PRO", "value": 0}], "fields": {"metadata": {}}, "limited_quantity": false}}}, {"id": "017a52b5-71c2-b07a-555a-d6fe2626d1d0", "code": "test_discount_abs_real_override_test_product_6901b", "created_at": "2021-06-28T13:00:12.283109Z", "updated_at": "2021-06-28T13:00:12.283762Z", "title_code": "ru.integr", "friendly_name": "abs real override", "overrides": {"test_product_abs_disc_real_price": {"discounts": [{"type": "ABS", "value": 80.0, "rm_country": "RU"}], "fields": {"metadata": {}}, "limited_quantity": false}}}, {"id": "017a52f9-9b13-1db8-6098-1558b2607771", "code": "test_discount_abs_vc_override_test_product_a_a505b", "created_at": "2021-06-28T13:35:58.120304Z", "updated_at": "2021-06-28T13:35:58.120707Z", "title_code": "ru.integr", "friendly_name": "abs vc discount", "overrides": {"test_product_abs_disc_vc_price": {"discounts": [{"type": "PCT_PRO", "value": 0}], "fields": {"metadata": {}}, "limited_quantity": false}}}, {"id": "017a52c3-2032-4f78-cf12-1216ce239e57", "code": "test_discount_fixed_real_override_test_produ_65cae", "created_at": "2021-06-28T13:06:35.034672Z", "updated_at": "2021-06-28T13:06:35.035512Z", "title_code": "ru.integr", "friendly_name": "fx real override", "overrides": {"test_product_fixed_disc_real_price": {"discounts": [{"type": "PCT_PRO", "value": 0}], "fields": {"metadata": {}}, "limited_quantity": false}}}, {"id": "01791358-e447-6aaf-44d3-0a4b0f0d01a0", "code": "test_discount_fixed_vc_override_test_product_f8e06", "created_at": "2021-04-27T11:53:21.699461Z", "updated_at": "2021-04-27T11:53:21.699938Z", "title_code": "ru.integr", "friendly_name": "fixed vc discount", "overrides": {"test_product_fixed_disc_vc_price": {"discounts": [{"type": "FIXED", "value": 10.0, "rm_zone": "zone"}], "fields": {"metadata": {}}, "limited_quantity": false}}}, {"id": "017a52c3-2032-0d9e-d370-a9cefae37015", "code": "test_discount_pct_pro_real_override_test_pro_4bbb0", "created_at": "2021-06-28T13:09:41.446013Z", "updated_at": "2021-06-28T13:09:41.446472Z", "title_code": "ru.integr", "friendly_name": "pp real override", "overrides": {"test_product_pct_pro_disc_real_price": {"discounts": [{"type": "PCT_PRO", "value": 0}], "fields": {"metadata": {}}, "limited_quantity": false}}}, {"id": "01791358-e447-c8ea-4bb7-1cb5686fef18", "code": "test_discount_pct_pro_vc_override_test_produ_9c33b", "created_at": "2021-04-27T11:53:21.636684Z", "updated_at": "2021-04-27T11:53:21.637162Z", "title_code": "ru.integr", "friendly_name": "pct pro vc disc", "overrides": {"test_product_pct_pro_disc_vc_price": {"discounts": [{"type": "PCT_PRO", "value": 10.0}], "fields": {"metadata": {}}, "limited_quantity": false}}}, {"id": "01791358-e447-ea48-47ea-d6989b03c1d9", "code": "test_country_restr_override_test_promo_restr_92981", "created_at": "2021-04-27T11:53:21.921708Z", "updated_at": "2021-07-12T16:54:25.502541Z", "title_code": "ru.integr", "friendly_name": "restricts country", "overrides": {"test_promo_restrict_country_product": {"discounts": [{"type": "PCT_PRO", "value": 0}], "fields": {"metadata": {}}, "limited_quantity": false}}}, {"id": "017a52c3-2032-1dfb-e4d4-ce9cbbcfaf1f", "code": "test_discount_pct_pro_with_zone_override_tes_f7312", "created_at": "2021-06-28T13:14:57.267823Z", "updated_at": "2021-06-28T13:14:57.268314Z", "title_code": "ru.integr", "friendly_name": "discount has zone", "overrides": {"test_prod_pct_pro_zone_disc_vc_and_real_price": {"discounts": [{"type": "PCT_PRO", "value": 20.0}], "fields": {"metadata": {}}, "limited_quantity": false}}}, {"id": "01791358-e447-39b5-fa33-a972bc2f5a24", "code": "test_discount_pct_pro_with_zone_and_vc_overr_388e7", "created_at": "2021-04-27T11:53:21.771772Z", "updated_at": "2021-04-27T11:53:21.772288Z", "title_code": "ru.integr", "friendly_name": "discount zone vc", "overrides": {"test_prod_pct_zone_and_vc_disc_vc_and_real_price": {"discounts": [{"type": "PCT_PRO", "value": 20.0}], "fields": {"metadata": {}}, "limited_quantity": false}}}, {"id": "01791358-e447-9ffb-1457-2cf1130b7946", "code": "test_promo_abs_vc_override_test_abs_disc_com_57f35", "created_at": "2021-04-27T11:53:21.471790Z", "updated_at": "2021-05-19T12:09:15.731387Z", "title_code": "ru.integr", "friendly_name": "abs vc discount", "overrides": {"test_abs_disc_comp_product_cost_rm_and_vc": {"discounts": [{"type": "ABS", "value": 95.0, "rm_zone": "zone"}], "fields": {"metadata": {}}, "limited_quantity": false}}}, {"id": "01791358-e447-67ef-02c9-1eef2abd22d8", "code": "test_single_prod_promo_pct_pro_vc_override_t_b4e23", "created_at": "2021-04-27T11:53:21.421521Z", "updated_at": "2021-04-27T11:53:21.421994Z", "title_code": "ru.integr", "friendly_name": "pct pro vc disc", "overrides": {"test_single_prod_pct_pro_promo_vc_price_1": {"discounts": [{"type": "PCT_PRO", "value": 10.0}], "fields": {"metadata": {}}, "limited_quantity": false}}}, {"id": "017acea4-73a3-c678-82c1-9e40167678dc", "code": "test_single_prod_promo_fixed_vc_override_tes_9a833", "created_at": "2021-07-22T14:12:46.968281Z", "updated_at": "2021-07-22T14:12:46.968966Z", "title_code": "ru.integr", "friendly_name": "fixed vc discount", "overrides": {"test_single_prod_fixed_promo_vc_price_1": {"discounts": [{"type": "FIXED", "value": 10.0, "vc_currency": "test_currency"}], "fields": {"metadata": {}}, "limited_quantity": false}}}, {"id": "01791358-e447-d625-b7c4-195042304088", "code": "test_single_prod_promo_abs_vc_override_test__6b65b", "created_at": "2021-07-22T14:07:59.680651Z", "updated_at": "2021-07-22T14:07:59.681255Z", "title_code": "ru.integr", "friendly_name": "abs vc discount", "overrides": {"test_single_prod_abs_promo_vc_price_1": {"discounts": [{"type": "ABS", "value": 95.0, "rm_zone": "zone"}], "fields": {"metadata": {}}, "limited_quantity": false}}}, {"id": "01791358-e447-3c8a-9625-26fbfbd7db10", "code": "test_prod_in_2_stores_pct_pro_vc_override_te_413d0", "created_at": "2021-04-27T11:53:21.324586Z", "updated_at": "2021-07-22T14:30:08.138082Z", "title_code": "ru.integr", "friendly_name": "pct pro vc disc", "overrides": {"test_prod_in_2_stores_pct_pro_promo_vc_price_1": {"discounts": [{"type": "PCT_PRO", "value": 10.0}], "fields": {"metadata": {}}, "limited_quantity": false}}}, {"id": "017acea4-73a3-3df5-0fcb-b98d110717a0", "code": "test_prod_in_2_stores_fixed_vc_override_test_b1cf5", "created_at": "2021-07-22T14:27:43.060027Z", "updated_at": "2021-07-22T14:27:43.060567Z", "title_code": "ru.integr", "friendly_name": "fixed vc discount", "overrides": {"test_prod_in_2_stores_fixed_promo_vc_price_1": {"discounts": [{"type": "FIXED", "value": 10.0, "vc_currency": "test_currency"}], "fields": {"metadata": {}}, "limited_quantity": false}}}, {"id": "017acea4-73a3-e595-5509-ccc66196f561", "code": "test_prod_in_2_stores_abs_vc_override_test_p_43663", "created_at": "2021-07-22T14:22:07.872144Z", "updated_at": "2021-07-22T14:22:07.872909Z", "title_code": "ru.integr", "friendly_name": "abs vc discount", "overrides": {"test_prod_in_2_stores_abs_promo_vc_price_1": {"discounts": [{"type": "ABS", "value": 95.0, "rm_zone": "zone"}], "fields": {"metadata": {}}, "limited_quantity": false}}}, {"id": "01791358-e447-5f9e-7f31-b8e90667d765", "code": "test_purchaseable_true_to_false_rm_override__7f93f", "created_at": "2021-04-27T11:53:21.126379Z", "updated_at": "2021-04-27T11:53:21.126824Z", "title_code": "ru.integr", "friendly_name": "Purchaseable T to F Override", "overrides": {"test_product_real_price": {"discounts": [{"type": "PCT_PRO", "value": 0}], "fields": {"metadata": {}}, "limited_quantity": false}}}, {"id": "01791358-e447-1fdb-66a3-29868883bc79", "code": "test_purchaseable_false_to_true_rm_override__990fa", "created_at": "2021-04-27T11:53:21.069362Z", "updated_at": "2021-04-27T11:53:21.069875Z", "title_code": "ru.integr", "friendly_name": "Purchaseable F to T Override", "overrides": {"test_prod_vis_true_purch_false_rm": {"discounts": [{"type": "PCT_PRO", "value": 0}], "fields": {"metadata": {}}, "limited_quantity": false}}}, {"id": "01791358-e447-59a9-0ad7-aaf41701027b", "code": "test_pct_pro_latam_round_down_override_test__334c1", "created_at": "2021-04-27T11:53:20.968561Z", "updated_at": "2021-04-27T11:53:20.969143Z", "title_code": "ru.integr", "friendly_name": "latam real override", "overrides": {"test_prod_latin_country_pct_pro_disc_round_down": {"discounts": [{"type": "PCT_PRO", "value": 51.0}], "fields": {"metadata": {}}, "limited_quantity": false}}}, {"id": "017a8b38-8cf8-befc-3a9b-70d2b22e8e21", "code": "test_fixed_latam_round_down_override_test_pr_22d10", "created_at": "2021-07-09T11:49:19.848649Z", "updated_at": "2021-07-09T11:49:19.849399Z", "title_code": "ru.integr", "friendly_name": "latam real override", "overrides": {"test_prod_latin_country_fixed_disc_round_down": {"discounts": [{"type": "PCT_PRO", "value": 0}], "fields": {"metadata": {}}, "limited_quantity": false}}}, {"id": "01791358-e447-24eb-cd44-5c4934377d6d", "code": "test_abs_latam_round_down_override_test_prod_16898", "created_at": "2021-04-27T11:53:20.834434Z", "updated_at": "2021-04-27T11:53:20.834960Z", "title_code": "ru.integr", "friendly_name": "latam real override", "overrides": {"test_prod_latin_country_abs_disc_round_down": {"discounts": [{"type": "ABS", "value": 0.49, "rm_zone": "zone"}, {"type": "ABS", "value": 0.49, "rm_zone": "zone"}, {"type": "ABS", "value": 0.49, "rm_zone": "zone"}, {"type": "ABS", "value": 49.0, "rm_zone": "zone"}, {"type": "ABS", "value": 0.49, "rm_zone": "zone"}, {"type": "ABS", "value": 0.49, "rm_zone": "zone"}, {"type": "ABS", "value": 0.49, "rm_zone": "zone"}, {"type": "ABS", "value": 0.49, "rm_zone": "zone"}], "fields": {"metadata": {}}, "limited_quantity": false}}}, {"id": "01791358-e447-3907-b002-a4ff4132f2b5", "code": "test_pct_pro_latam_round_up_override_test_pr_47f7c", "created_at": "2021-04-27T11:53:20.965813Z", "updated_at": "2021-04-27T11:53:20.966390Z", "title_code": "ru.integr", "friendly_name": "latam real override", "overrides": {"test_prod_latin_country_pct_pro_disc_round_up": {"discounts": [{"type": "PCT_PRO", "value": 50.0}], "fields": {"metadata": {}}, "limited_quantity": false}}}, {"id": "01791358-e447-20d6-3cbd-bd27be92611a", "code": "test_fixed_latam_round_up_override_test_prod_85628", "created_at": "2021-04-27T11:53:20.898654Z", "updated_at": "2021-04-27T11:53:20.899156Z", "title_code": "ru.integr", "friendly_name": "latam real override", "overrides": {"test_prod_latin_country_fixed_disc_round_up": {"discounts": [{"type": "FIXED", "value": 0.5, "rm_zone": "zone"}, {"type": "FIXED", "value": 0.5, "rm_zone": "zone"}, {"type": "FIXED", "value": 0.5, "rm_zone": "zone"}, {"type": "FIXED", "value": 50.0, "rm_zone": "zone"}, {"type": "FIXED", "value": 0.5, "rm_zone": "zone"}, {"type": "FIXED", "value": 0.5, "rm_zone": "zone"}, {"type": "FIXED", "value": 0.5, "rm_zone": "zone"}, {"type": "FIXED", "value": 0.5, "rm_zone": "zone"}], "fields": {"metadata": {}}, "limited_quantity": false}}}, {"id": "017a8b38-8cf8-39af-4150-1a21f094066c", "code": "test_abs_latam_round_up_override_test_prod_l_cee79", "created_at": "2021-07-09T12:02:17.826202Z", "updated_at": "2021-07-09T12:02:17.827000Z", "title_code": "ru.integr", "friendly_name": "latam real override", "overrides": {"test_prod_latin_country_abs_disc_round_up": {"discounts": [{"type": "ABS", "value": 0.5, "rm_country": "AR"}, {"type": "ABS", "value": 0.5, "rm_country": "BO"}, {"type": "ABS", "value": 50.0, "rm_country": "CO"}, {"type": "ABS", "value": 0.5, "rm_country": "CR"}, {"type": "ABS", "value": 0.5, "rm_country": "CL"}, {"type": "ABS", "value": 0.5, "rm_country": "MX"}, {"type": "ABS", "value": 0.5, "rm_country": "NI"}, {"type": "ABS", "value": 0.5, "rm_country": "UY"}], "fields": {"metadata": {}}, "limited_quantity": false}}}, {"id": "01791358-e447-7293-67d9-deef1850a030", "code": "test_future_activated_promo_override_test_pr_d1f97", "created_at": "2021-04-27T11:53:20.777135Z", "updated_at": "2021-04-27T11:53:20.777617Z", "title_code": "ru.integr", "friendly_name": "Purchaseable and Visible to F Override", "overrides": {"test_product_future_activation_promo": {"discounts": [{"type": "PCT_PRO", "value": 0}], "fields": {"metadata": {}}, "limited_quantity": false}}}, {"id": "0179c24d-b1b1-5e2c-5fc4-5d628c0d8bee", "code": "test_pct_pro_blank_and_pct_pro_vc_curr_overr_476c3", "created_at": "2021-05-31T12:01:27.657440Z", "updated_at": "2021-05-31T12:01:27.657957Z", "title_code": "ru.integr", "friendly_name": "PCT PRO blank and PCT PRO VC Curr discount", "overrides": {"test_prod_pct_pro_blank_and_pct_pro_vc_curr_disc": {"discounts": [{"type": "PCT_PRO", "value": 20.0}], "fields": {"metadata": {}}, "limited_quantity": false}}}, {"id": "01791358-e447-62e9-0ab7-77ca69eb4f51", "code": "test_pct_pro_blank_and_fixed_vc_curr_overrid_98f24", "created_at": "2021-04-27T11:53:20.712405Z", "updated_at": "2021-04-27T11:53:20.712924Z", "title_code": "ru.integr", "friendly_name": "PCT PRO blank and FIXED VC Curr discount", "overrides": {"test_prod_pct_pro_blank_and_fixed_vc_curr_disc": {"discounts": [{"type": "PCT_PRO", "value": 10.0}, {"type": "FIXED", "value": 15.0, "rm_zone": "zone"}], "fields": {"metadata": {}}, "limited_quantity": false}}}, {"id": "01791358-e447-9e8f-6292-9658e47b883e", "code": "test_pct_pro_blank_and_abs_vc_curr_override__0ec5f", "created_at": "2021-04-27T11:53:20.697385Z", "updated_at": "2021-04-27T11:53:20.697840Z", "title_code": "ru.integr", "friendly_name": "PCT PRO blank and ABS VC Curr discount", "overrides": {"test_prod_pct_pro_blank_and_abs_vc_curr_disc": {"discounts": [{"type": "PCT_PRO", "value": 10.0}, {"type": "ABS", "value": 75.0, "rm_zone": "zone"}], "fields": {"metadata": {}}, "limited_quantity": false}}}, {"id": "0179c250-a73d-2820-3871-b60499bdd7af", "code": "test_pct_pro_blank_and_pct_pro_zone_override_63dcb", "created_at": "2021-05-31T12:05:09.667626Z", "updated_at": "2021-05-31T12:05:09.668169Z", "title_code": "ru.integr", "friendly_name": "PCT PRO blank and PCT PRO rm_zone discount", "overrides": {"test_product_pct_pro_blank_pct_pro_zone_rm": {"discounts": [{"type": "PCT_PRO", "value": 20.0}], "fields": {"metadata": {}}, "limited_quantity": false}}}, {"id": "0179c24a-37b2-2f2c-052a-244e60baef96", "code": "test_pct_pro_blank_and_pct_pro_country_overr_183bd", "created_at": "2021-05-31T11:52:19.446558Z", "updated_at": "2021-05-31T11:52:19.447295Z", "title_code": "ru.integr", "friendly_name": "PCT PRO blank and PCT PRO rm_country discount", "overrides": {"test_product_pct_pro_blank_pct_pro_country_rm": {"discounts": [{"type": "PCT_PRO", "value": 10.0}], "fields": {"metadata": {}}, "limited_quantity": false}}}, {"id": "01791358-e448-7250-d821-0d23419c6493", "code": "test_pct_pro_blank_and_fixed_zone_override_t_abdb9", "created_at": "2021-04-27T11:53:20.572709Z", "updated_at": "2021-04-27T11:53:20.573219Z", "title_code": "ru.integr", "friendly_name": "PCT PRO blank and FIXED rm_zone discount", "overrides": {"test_product_pct_pro_blank_fixed_zone_rm": {"discounts": [{"type": "PCT_PRO", "value": 10.0}, {"type": "FIXED", "value": 15.0, "rm_zone": "zone"}], "fields": {"metadata": {}}, "limited_quantity": false}}}, {"id": "0179c24a-37b2-5b28-16b0-933af23afa4d", "code": "test_pct_pro_blank_and_fixed_country_overrid_ec571", "created_at": "2021-05-31T11:54:00.431323Z", "updated_at": "2021-05-31T11:54:00.432018Z", "title_code": "ru.integr", "friendly_name": "PCT PRO blank and FIXED rm_country discount", "overrides": {"test_product_pct_pro_blank_fixed_country_rm": {"discounts": [{"type": "PCT_PRO", "value": 10.0}], "fields": {"metadata": {}}, "limited_quantity": false}}}, {"id": "01791358-e448-fde4-6047-5cb855f9f1d8", "code": "test_pct_pro_blank_and_abs_zone_override_tes_415d7", "created_at": "2021-04-27T11:53:20.491080Z", "updated_at": "2021-04-27T11:53:20.491570Z", "title_code": "ru.integr", "friendly_name": "PCT PRO blank and ABS rm_zone discount", "overrides": {"test_product_pct_pro_blank_abs_zone_rm": {"discounts": [{"type": "PCT_PRO", "value": 10.0}, {"type": "ABS", "value": 65.0, "rm_zone": "zone"}], "fields": {"metadata": {}}, "limited_quantity": false}}}, {"id": "01799e6b-7953-bd1a-d90d-4061bb5bbcab", "code": "test_pct_pro_blank_and_abs_country_override__8db7d", "created_at": "2021-05-24T12:48:10.021298Z", "updated_at": "2021-05-24T12:48:10.021978Z", "title_code": "ru.integr", "friendly_name": "PCT PRO blank and ABS rm_country discount", "overrides": {"test_product_pct_pro_blank_abs_country_rm": {"discounts": [{"type": "FIXED", "value": 10.0, "rm_zone": "zone"}, {"type": "ABS", "value": 60.0, "rm_country": "US"}, {"type": "ABS", "value": 3000.0, "rm_country": "RU"}, {"type": "ABS", "value": 500.0, "rm_country": "BO"}, {"type": "ABS", "value": 2000.0, "rm_country": "AR"}], "fields": {"metadata": {}}, "limited_quantity": false}}}, {"id": "0179c26a-1bdd-0b86-bcf1-2fe3274732db", "code": "test_pct_pro_zone_and_pct_pro_country_overri_d97a6", "created_at": "2021-05-31T12:18:53.473382Z", "updated_at": "2021-05-31T12:18:53.473995Z", "title_code": "ru.integr", "friendly_name": "PCT PRO rm_zone and PCT PRO rm_country discount", "overrides": {"test_product_pct_pro_zone_pct_pro_country_rm": {"discounts": [{"type": "PCT_PRO", "value": 20.0}], "fields": {"metadata": {}}, "limited_quantity": false}}}, {"id": "0179c26a-1bdd-ba28-2e07-ecbf8905506e", "code": "test_pct_pro_zone_and_fixed_country_override_d6ee0", "created_at": "2021-05-31T12:17:31.994018Z", "updated_at": "2021-05-31T12:17:31.995144Z", "title_code": "ru.integr", "friendly_name": "PCT PRO rm_zone and FIXED rm_country discount", "overrides": {"test_product_pct_pro_zone_fixed_country_rm": {"discounts": [{"type": "PCT_PRO", "value": 20.0}], "fields": {"metadata": {}}, "limited_quantity": false}}}, {"id": "0179c257-f6af-79fb-aa13-7b95ab886a5d", "code": "test_pct_pro_zone_and_abs_country_override_t_88148", "created_at": "2021-05-31T12:13:07.772155Z", "updated_at": "2021-05-31T12:13:07.772936Z", "title_code": "ru.integr", "friendly_name": "PCT PRO rm_zone and ABS rm_country discount", "overrides": {"test_product_pct_pro_zone_abs_country_rm": {"discounts": [{"type": "PCT_PRO", "value": 20.0}, {"type": "ABS", "value": 60.0, "rm_country": "US"}, {"type": "ABS", "value": 3000.0, "rm_country": "RU"}, {"type": "ABS", "value": 500.0, "rm_country": "BO"}, {"type": "ABS", "value": 2000.0, "rm_country": "AR"}], "fields": {"metadata": {}}, "limited_quantity": false}}}, {"id": "0179c7e9-847e-cab7-6563-25b676a5e4fc", "code": "test_fixed_zone_and_pct_pro_country_override_7f03f", "created_at": "2021-06-01T13:42:38.591040Z", "updated_at": "2021-06-01T13:42:38.591873Z", "title_code": "ru.integr", "friendly_name": "FIXED rm_zone and PCT PRO rm_country discount", "overrides": {"test_product_fixed_zone_pct_pro_country_rm": {"discounts": [{"type": "FIXED", "value": 15.0, "rm_zone": "zone"}], "fields": {"metadata": {}}, "limited_quantity": false}}}, {"id": "0179c7e9-847e-c264-0129-ed6e02710c30", "code": "test_fixed_zone_and_fixed_country_override_t_bb3c9", "created_at": "2021-06-01T13:40:46.495223Z", "updated_at": "2021-06-01T13:40:46.496437Z", "title_code": "ru.integr", "friendly_name": "FIXED rm_zone and FIXED rm_country discount", "overrides": {"test_product_fixed_zone_fixed_country_rm": {"discounts": [{"type": "FIXED", "value": 15.0, "rm_zone": "zone"}], "fields": {"metadata": {}}, "limited_quantity": false}}}, {"id": "01799e5c-1eef-051d-b374-abfe0e7ae21b", "code": "test_fixed_zone_and_abs_country_override_tes_3ffc9", "created_at": "2021-05-24T12:31:22.190864Z", "updated_at": "2021-05-24T12:31:22.191548Z", "title_code": "ru.integr", "friendly_name": "FIXED rm_zone and ABS rm_country discount", "overrides": {"test_product_fixed_zone_abs_country_rm": {"discounts": [{"type": "ABS", "value": 2000.0, "rm_country": "AR"}, {"type": "ABS", "value": 500.0, "rm_country": "BO"}, {"type": "ABS", "value": 3000.0, "rm_country": "RU"}, {"type": "ABS", "value": 60.0, "rm_country": "US"}, {"type": "FIXED", "value": 15.0, "rm_zone": "zone"}], "fields": {"metadata": {}}, "limited_quantity": false}}}, {"id": "01799e5c-1eef-ea4c-56f3-193a1773c7db", "code": "test_abs_zone_and_pct_pro_country_override_t_55881", "created_at": "2021-05-24T12:25:23.898041Z", "updated_at": "2021-05-24T12:25:23.898937Z", "title_code": "ru.integr", "friendly_name": "ABS rm_zone and PCT PRO rm_country discount", "overrides": {"test_product_abs_zone_pct_pro_country_rm": {"discounts": [{"type": "ABS", "value": 65.0, "rm_zone": "zone"}], "fields": {"metadata": {}}, "limited_quantity": false}}}, {"id": "01799e4a-6c8c-c68a-f4c3-6aba7faff40e", "code": "test_abs_zone_and_fixed_country_override_tes_4bab2", "created_at": "2021-05-24T12:09:22.765987Z", "updated_at": "2021-05-24T12:09:22.766810Z", "title_code": "ru.integr", "friendly_name": "ABS rm_zone and FIXED rm_country discount", "overrides": {"test_product_abs_zone_fixed_country_rm": {"discounts": [{"type": "ABS", "value": 65.0, "rm_zone": "zone"}], "fields": {"metadata": {}}, "limited_quantity": false}}}, {"id": "0179c26a-1bdd-d58b-8133-2caf92c4455d", "code": "test_abs_zone_and_abs_country_override_test__43ba6", "created_at": "2021-05-31T12:32:54.894685Z", "updated_at": "2021-05-31T12:32:54.895354Z", "title_code": "ru.integr", "friendly_name": "ABS rm_zone and ABS rm_country discount", "overrides": {"test_product_abs_zone_abs_country_rm": {"discounts": [{"type": "ABS", "value": 60.0, "rm_zone": "zone"}, {"type": "ABS", "value": 60.0, "rm_country": "US"}, {"type": "ABS", "value": 500.0, "rm_country": "BO"}, {"type": "ABS", "value": 3000.0, "rm_country": "RU"}, {"type": "ABS", "value": 2000.0, "rm_country": "AR"}], "fields": {"metadata": {}}, "limited_quantity": false}}}, {"id": "0179c254-c9a7-a763-9174-55f64fd2a8ab", "code": "test_pct_pro_blank_zone_country_override_tes_c92ba", "created_at": "2021-05-31T12:09:34.747508Z", "updated_at": "2021-05-31T12:09:34.748210Z", "title_code": "ru.integr", "friendly_name": "PCT PRO blank, rm_zone, rm_country discount", "overrides": {"test_product_pct_pro_blank_zone_country_rm": {"discounts": [{"type": "PCT_PRO", "value": 10.0}], "fields": {"metadata": {}}, "limited_quantity": false}}}, {"id": "0179c24a-37b2-65bb-02e9-b237467cc545", "code": "test_pct_pro_blank_and_fixed_zone_country_ov_b0f45", "created_at": "2021-05-31T11:44:19.364019Z", "updated_at": "2021-05-31T11:44:19.364858Z", "title_code": "ru.integr", "friendly_name": "PCT PRO blank, FIXED rm_zone rm_country discount", "overrides": {"test_product_pct_pro_blank_fixed_zone_country_rm": {"discounts": [{"type": "PCT_PRO", "value": 10.0}], "fields": {"metadata": {}}, "limited_quantity": false}}}, {"id": "0179c23a-2ad2-0913-b66e-d5fdf592dd16", "code": "test_pct_pro_blank_and_abs_zone_country_over_1d5ea", "created_at": "2021-05-31T11:40:34.849974Z", "updated_at": "2021-05-31T11:40:34.851147Z", "title_code": "ru.integr", "friendly_name": "PCT PRO blank, ABS rm_zone rm_country discount", "overrides": {"test_product_pct_pro_blank_abs_zone_country_rm": {"discounts": [{"type": "PCT_PRO", "value": 10.0}, {"type": "ABS", "value": 60.0, "rm_country": "US"}, {"type": "ABS", "value": 3000.0, "rm_country": "RU"}, {"type": "ABS", "value": 500.0, "rm_country": "BO"}, {"type": "ABS", "value": 2000.0, "rm_country": "AR"}], "fields": {"metadata": {}}, "limited_quantity": false}}}, {"id": "01797a23-b8f3-b642-241b-6ab3e8576ec3", "code": "override_2021-05-17_143759", "created_at": "2021-05-17T11:43:25.946235Z", "updated_at": "2021-05-24T11:18:10.950192Z", "title_code": "ru.integr", "friendly_name": "override_2021-05-17_143759", "overrides": {"test_abs_disc_comp_product_cost_rm": {"discounts": [{"type": "ABS", "value": 2500.0, "rm_country": "AR"}, {"type": "ABS", "value": 70.0, "rm_country": "FR"}, {"type": "ABS", "value": 75.0, "rm_country": "US"}], "fields": {"metadata": {}}, "limited_quantity": false}}}, {"id": "01798470-94f3-8c3f-596b-5f1fa9c73518", "code": "override_2021-05-19_144131", "created_at": "2021-05-19T11:43:26.062380Z", "updated_at": "2021-05-24T11:12:44.020288Z", "title_code": "ru.integr", "friendly_name": "override_2021-05-19_144131", "overrides": {"test_pct_pro_disc_comp_product_cost_rm": {"discounts": [{"type": "PCT_PRO", "value": 10.0}], "fields": {"metadata": {}}, "limited_quantity": false}}}, {"id": "017a52c3-2032-42c5-d95a-c87f2f25d204", "code": "override_2021-06-28_161357", "created_at": "2021-06-28T13:15:18.094425Z", "updated_at": "2021-06-28T13:15:18.094854Z", "title_code": "ru.integr", "friendly_name": "override_2021-06-28_161357", "overrides": {"test_product_pct_pro_zone_disc_vc_price": {"discounts": [{"type": "PCT_PRO", "value": 20.0}], "fields": {"metadata": {}}, "limited_quantity": false}}}, {"id": "017a52c3-2032-8573-fda2-d9c1fb95fe70", "code": "override_2021-06-28_161427", "created_at": "2021-06-28T13:15:21.209658Z", "updated_at": "2021-06-28T13:15:21.210304Z", "title_code": "ru.integr", "friendly_name": "override_2021-06-28_161427", "overrides": {"test_product_pct_pro_zone_disc_real_price": {"discounts": [{"type": "PCT_PRO", "value": 20.0}], "fields": {"metadata": {}}, "limited_quantity": false}}}, {"id": "017a9b95-100b-1e6c-8002-b709c89df278", "code": "override_2021-07-09_175844", "created_at": "2021-07-09T14:59:28.906023Z", "updated_at": "2021-07-09T14:59:28.906628Z", "title_code": "ru.integr", "friendly_name": "override_2021-07-09_175844", "overrides": {"test_product_max_1": {"discounts": [{"type": "PCT_PRO", "value": 0}], "fields": {"metadata": {}}, "limited_quantity": false}}}, {"id": "017a9b95-100c-c0dd-3f25-8ca5ddef496d", "code": "override_2021-07-09_175859", "created_at": "2021-07-09T14:59:34.514123Z", "updated_at": "2021-07-09T14:59:34.514760Z", "title_code": "ru.integr", "friendly_name": "override_2021-07-09_175859", "overrides": {"test_extra_product_2": {"discounts": [{"type": "PCT_PRO", "value": 0}], "fields": {"metadata": {}}, "limited_quantity": false}}}, {"id": "017a9b95-100c-c798-f5c3-4d3a2ce63737", "code": "override_2021-07-12_192647", "created_at": "2021-07-12T16:27:12.112961Z", "updated_at": "2021-07-12T16:27:12.113754Z", "title_code": "ru.integr", "friendly_name": "override_2021-07-12_192647", "overrides": {"test_extra_overwritten_product": {"discounts": [{"type": "PCT_PRO", "value": 0}], "fields": {"metadata": {}}, "limited_quantity": false}}}, {"id": "017a9b95-100c-5615-778d-29d1ed8cbdb1", "code": "override_2021-07-12_193454", "created_at": "2021-07-12T16:36:03.307919Z", "updated_at": "2021-07-12T16:36:03.308472Z", "title_code": "ru.integr", "friendly_name": "override_2021-07-12_193454", "overrides": {"test_product_unlock": {"discounts": [{"type": "PCT_PRO", "value": 0}], "fields": {"metadata": {}}, "limited_quantity": false}}}, {"id": "017acea4-73a3-d41b-203e-d1df44cf762e", "code": "override_2021-07-12_194553", "created_at": "2021-07-12T16:46:37.274953Z", "updated_at": "2021-07-12T16:46:37.275684Z", "title_code": "ru.integr", "friendly_name": "override_2021-07-12_194553", "overrides": {"test_extra_product": {"discounts": [{"type": "PCT_PRO", "value": 0}], "fields": {"metadata": {}}, "limited_quantity": false}}}, {"id": "017acea4-73a3-e0b4-0f8b-ce4aeb50f9f9", "code": "override_2021-07-22_164608", "created_at": "2021-07-22T13:50:45.565981Z", "updated_at": "2021-07-22T13:50:45.566595Z", "title_code": "ru.integr", "friendly_name": "override_2021-07-22_164608", "overrides": {"test_product_fixed_promo_vc_price_1": {"discounts": [{"type": "FIXED", "value": 10.0, "vc_currency": "test_currency"}], "fields": {"metadata": {}}, "limited_quantity": false}}}, {"id": "017acea4-73a3-1947-151c-b408fed754fd", "code": "override_2021-07-22_164659", "created_at": "2021-07-22T13:50:52.704594Z", "updated_at": "2021-07-22T13:50:52.706764Z", "title_code": "ru.integr", "friendly_name": "override_2021-07-22_164659", "overrides": {"test_product_fixed_promo_vc_price_2": {"discounts": [{"type": "FIXED", "value": 10.0, "vc_currency": "test_currency"}], "fields": {"metadata": {}}, "limited_quantity": false}}}, {"id": "017acea4-73a3-2348-7545-3245de09f0e5", "code": "override_2021-07-22_164916", "created_at": "2021-07-22T13:50:57.151688Z", "updated_at": "2021-07-23T12:58:04.230680Z", "title_code": "ru.integr", "friendly_name": "override_2021-07-22_164916", "overrides": {"test_product_contains_comp_fixed_disc": {"discounts": [{"type": "FIXED", "value": 10.0, "vc_currency": "test_currency"}], "fields": {"metadata": {}}, "limited_quantity": false}}}, {"id": "017acea4-73a3-d820-5386-368a1caa449f", "code": "override_2021-07-22_165829", "created_at": "2021-07-22T14:01:38.323925Z", "updated_at": "2021-07-22T14:01:38.324536Z", "title_code": "ru.integr", "friendly_name": "override_2021-07-22_165829", "overrides": {"test_product_pct_pro_promo_vc_price_1": {"discounts": [{"type": "PCT_PRO", "value": 10.0}], "fields": {"metadata": {}}, "limited_quantity": false}}}, {"id": "017acea4-73a3-7e29-851b-fdbaada5ce24", "code": "override_2021-07-22_165938", "created_at": "2021-07-22T14:01:43.515198Z", "updated_at": "2021-07-22T14:01:43.515805Z", "title_code": "ru.integr", "friendly_name": "override_2021-07-22_165938", "overrides": {"test_product_pct_pro_promo_vc_price_2": {"discounts": [{"type": "PCT_PRO", "value": 10.0}], "fields": {"metadata": {}}, "limited_quantity": false}}}, {"id": "017acea4-73a4-9884-d8c7-f3d29c5ed194", "code": "override_2021-07-22_170010", "created_at": "2021-07-22T14:01:48.065365Z", "updated_at": "2021-07-23T13:04:53.694805Z", "title_code": "ru.integr", "friendly_name": "override_2021-07-22_170010", "overrides": {"test_product_contains_comp_pct_pro_disc": {"discounts": [{"type": "PCT_PRO", "value": 10.0}], "fields": {"metadata": {}}, "limited_quantity": false}}}]