[{"id": "01791358-e47d-4f9c-6cfb-dd5064c3ec07", "code": "test_pct_pro_blank_abs_zone_promo", "friendly_name": "PCT PRO blank and ABS rm_zone Promo", "start_time": "500", "end_time": "4676462000", "metadata": {}, "created_at": "2021-04-27T11:53:59.123305Z", "updated_at": "2021-04-27T11:53:59.123865Z", "active": true, "title_code": "ru.integr", "override_refs": [{"code": "test_pct_pro_blank_and_abs_zone_override_tes_415d7", "title_code": "ru.integr"}], "product_refs": [{"code": "test_product_pct_pro_blank_abs_zone_rm", "title_code": "ru.integr"}], "storefront_refs": [{"code": "test_pct_pro_blank_and_abs_zone_store", "title_code": "ru.integr"}]}, {"id": "01791358-e47d-a674-d743-67ddca8a16a2", "code": "test_pct_pro_blank_fixed_zone_promo", "friendly_name": "PCT PRO blank and FIXED rm_zone Promo", "start_time": "500", "end_time": "4676462000", "metadata": {}, "created_at": "2021-04-27T11:53:59.171431Z", "updated_at": "2021-04-27T11:53:59.171974Z", "active": true, "title_code": "ru.integr", "override_refs": [{"code": "test_pct_pro_blank_and_fixed_zone_override_t_abdb9", "title_code": "ru.integr"}], "product_refs": [{"code": "test_product_pct_pro_blank_fixed_zone_rm", "title_code": "ru.integr"}], "storefront_refs": [{"code": "test_pct_pro_blank_and_fixed_zone_store", "title_code": "ru.integr"}]}, {"id": "01791358-e47d-8a24-0857-6fe91299bc05", "code": "test_pct_pro_blank_abs_vc_curr_promo", "friendly_name": "PCT PRO blank and ABS VC Curr Promo", "start_time": "500", "end_time": "4676462000", "metadata": {}, "created_at": "2021-04-27T11:53:59.272388Z", "updated_at": "2021-04-27T11:53:59.272912Z", "active": true, "title_code": "ru.integr", "override_refs": [{"code": "test_pct_pro_blank_and_abs_vc_curr_override__0ec5f", "title_code": "ru.integr"}], "product_refs": [{"code": "test_prod_pct_pro_blank_and_abs_vc_curr_disc", "title_code": "ru.integr"}], "storefront_refs": [{"code": "test_pct_pro_blank_and_abs_vc_curr_store", "title_code": "ru.integr"}]}, {"id": "01791358-e47d-849c-2ccf-15a3ede21cb2", "code": "test_pct_pro_blank_fixed_vc_curr_promo", "friendly_name": "PCT PRO blank and FIXED VC Curr Promo", "start_time": "500", "end_time": "4676462000", "metadata": {}, "created_at": "2021-04-27T11:53:59.274244Z", "updated_at": "2021-04-27T11:53:59.274730Z", "active": true, "title_code": "ru.integr", "override_refs": [{"code": "test_pct_pro_blank_and_fixed_vc_curr_overrid_98f24", "title_code": "ru.integr"}], "product_refs": [{"code": "test_prod_pct_pro_blank_and_fixed_vc_curr_disc", "title_code": "ru.integr"}], "storefront_refs": [{"code": "test_pct_pro_blank_and_fixed_vc_curr_store", "title_code": "ru.integr"}]}, {"id": "01791358-e47d-5a3a-b4ce-c7b9aef30048", "code": "test_future_activation_promo", "friendly_name": "Activated in future promo", "start_time": "1540421037", "end_time": "1540507437", "metadata": {}, "created_at": "2021-04-27T11:53:59.319552Z", "updated_at": "2021-04-27T11:53:59.320207Z", "active": true, "title_code": "ru.integr", "override_refs": [{"code": "test_future_activated_promo_override_test_pr_d1f97", "title_code": "ru.integr"}], "product_refs": [{"code": "test_product_future_activation_promo", "title_code": "ru.integr"}], "storefront_refs": [{"code": "test_future_activated_promo_store", "title_code": "ru.integr"}]}, {"id": "01791358-e47d-3e52-917e-83fd578774ac", "code": "test_fixed_latam_round_up_promo", "friendly_name": "fixed latam round up promo", "start_time": "500", "end_time": "4676462000", "metadata": {}, "created_at": "2021-04-27T11:53:59.361569Z", "updated_at": "2021-04-27T11:53:59.362134Z", "active": true, "title_code": "ru.integr", "override_refs": [{"code": "test_fixed_latam_round_up_override_test_prod_85628", "title_code": "ru.integr"}], "product_refs": [{"code": "test_prod_latin_country_fixed_disc_round_up", "title_code": "ru.integr"}], "storefront_refs": [{"code": "test_fixed_latam_round_up_store", "title_code": "ru.integr"}]}, {"id": "01791358-e47d-a95a-f529-700deca5671d", "code": "test_pct_pro_latam_round_up_promo", "friendly_name": "pct pro latam round up promo", "start_time": "500", "end_time": "4676462000", "metadata": {}, "created_at": "2021-04-27T11:53:59.409397Z", "updated_at": "2021-04-27T11:53:59.409954Z", "active": true, "title_code": "ru.integr", "override_refs": [{"code": "test_pct_pro_latam_round_up_override_test_pr_47f7c", "title_code": "ru.integr"}], "product_refs": [{"code": "test_prod_latin_country_pct_pro_disc_round_up", "title_code": "ru.integr"}], "storefront_refs": [{"code": "test_pct_pro_latam_round_up_store", "title_code": "ru.integr"}]}, {"id": "01791358-e47d-3da6-a4a4-88a28b03b6ce", "code": "test_abs_latam_round_down_promo", "friendly_name": "abs latam round down promo", "start_time": "500", "end_time": "4676462000", "metadata": {}, "created_at": "2021-04-27T11:53:59.410426Z", "updated_at": "2021-04-27T11:53:59.411004Z", "active": true, "title_code": "ru.integr", "override_refs": [{"code": "test_abs_latam_round_down_override_test_prod_16898", "title_code": "ru.integr"}], "product_refs": [{"code": "test_prod_latin_country_abs_disc_round_down", "title_code": "ru.integr"}], "storefront_refs": [{"code": "test_abs_latam_round_down_store", "title_code": "ru.integr"}]}, {"id": "01791358-e47d-18a7-f64b-75d2074ea1c9", "code": "test_pct_pro_latam_round_down_promo", "friendly_name": "pct pro latam round down promo", "start_time": "500", "end_time": "4676462000", "metadata": {}, "created_at": "2021-04-27T11:53:59.464026Z", "updated_at": "2021-04-27T11:53:59.464544Z", "active": true, "title_code": "ru.integr", "override_refs": [{"code": "test_pct_pro_latam_round_down_override_test__334c1", "title_code": "ru.integr"}], "product_refs": [{"code": "test_prod_latin_country_pct_pro_disc_round_down", "title_code": "ru.integr"}], "storefront_refs": [{"code": "test_pct_pro_latam_round_down_store", "title_code": "ru.integr"}]}, {"id": "01791358-e47d-0fee-9360-2014dfcecbde", "code": "test_single_prod_promo_pct_pro_vc_promotion", "friendly_name": "pct pro vc promo", "start_time": "500", "end_time": "4676462000", "metadata": {}, "created_at": "2021-04-27T11:53:59.650094Z", "updated_at": "2021-04-27T11:53:59.650562Z", "active": true, "title_code": "ru.integr", "override_refs": [{"code": "test_single_prod_promo_pct_pro_vc_override_t_b4e23", "title_code": "ru.integr"}], "product_refs": [{"code": "test_single_prod_pct_pro_promo_vc_price_1", "title_code": "ru.integr"}], "storefront_refs": [{"code": "test_single_prod_promo_pct_pro_vc_store", "title_code": "ru.integr"}]}, {"id": "01791358-e47d-da7f-21ad-a3deb2370f67", "code": "test_promo_abs_vc_promotion", "friendly_name": "abs vc promo", "start_time": "500", "end_time": "4676462000", "metadata": {}, "created_at": "2021-04-27T11:53:59.694279Z", "updated_at": "2021-04-27T11:53:59.694735Z", "active": true, "title_code": "ru.integr", "override_refs": [{"code": "test_promo_abs_vc_override_test_abs_disc_com_57f35", "title_code": "ru.integr"}], "product_refs": [{"code": "test_abs_disc_comp_product_cost_rm_and_vc", "title_code": "ru.integr"}], "storefront_refs": [{"code": "test_disc_comp_abs_rm_and_vc_store", "title_code": "ru.integr"}]}, {"id": "01791358-e47d-6913-93fd-c01e1d6b84ec", "code": "pct_pro_zone_and_vc_discount_promotion", "friendly_name": "promo pct pro zone vc", "start_time": "500", "end_time": "4679462000", "metadata": {}, "created_at": "2021-04-27T11:53:59.738437Z", "updated_at": "2021-04-27T11:53:59.738899Z", "active": true, "title_code": "ru.integr", "override_refs": [{"code": "test_discount_pct_pro_with_zone_and_vc_overr_388e7", "title_code": "ru.integr"}], "product_refs": [{"code": "test_prod_pct_zone_and_vc_disc_vc_and_real_price", "title_code": "ru.integr"}], "storefront_refs": [{"code": "test_store_pct_pro_zone_vc_discount", "title_code": "ru.integr"}]}, {"id": "01791358-e47d-f33c-3c07-ff3a469e1de4", "code": "test_restricts_country_promotion", "friendly_name": "restr ctry promo", "start_time": "500", "end_time": "4676422000", "metadata": {}, "created_at": "2021-04-27T11:53:59.781496Z", "updated_at": "2021-04-27T11:53:59.781981Z", "active": true, "title_code": "ru.integr", "override_refs": [{"code": "test_country_restr_override_test_promo_restr_92981", "title_code": "ru.integr"}], "product_refs": [{"code": "test_promo_restrict_country_product", "title_code": "ru.integr"}], "storefront_refs": [{"code": "test_overridden_country_promo_store", "title_code": "ru.integr"}]}, {"id": "01791358-e47d-6568-f81e-7071c3300b31", "code": "test_discount_pct_pro_vc_promotion", "friendly_name": "pct pro vc promo", "start_time": "500", "end_time": "4676462000", "metadata": {}, "created_at": "2021-04-27T11:53:59.834302Z", "updated_at": "2021-04-27T11:53:59.834898Z", "active": true, "title_code": "ru.integr", "override_refs": [{"code": "test_discount_pct_pro_vc_override_test_produ_9c33b", "title_code": "ru.integr"}], "product_refs": [{"code": "test_product_pct_pro_disc_vc_price", "title_code": "ru.integr"}], "storefront_refs": [{"code": "test_discount_pct_pro_vc_store", "title_code": "ru.integr"}]}, {"id": "01791358-e47d-4f31-9532-04304168408c", "code": "test_discount_fixed_vc_promotion", "friendly_name": "fixed vc promo", "start_time": "500", "end_time": "4676462000", "metadata": {}, "created_at": "2021-04-27T11:53:59.880321Z", "updated_at": "2021-04-27T11:53:59.880766Z", "active": true, "title_code": "ru.integr", "override_refs": [{"code": "test_discount_fixed_vc_override_test_product_f8e06", "title_code": "ru.integr"}], "product_refs": [{"code": "test_product_fixed_disc_vc_price", "title_code": "ru.integr"}], "storefront_refs": [{"code": "test_fixed_vc_discount_store", "title_code": "ru.integr"}]}, {"id": "01791358-e47d-42c9-0b93-e705adf4f452", "code": "test_blank_fields_override_promotion", "friendly_name": "promo blank bf over", "start_time": "500", "end_time": "4676462000", "metadata": {}, "created_at": "2021-04-27T11:54:00.012647Z", "updated_at": "2021-04-27T11:54:00.013221Z", "active": true, "title_code": "ru.integr", "override_refs": [{"code": "test_blank_bool_fields_override_test_true_bo_5d533", "title_code": "ru.integr"}], "product_refs": [{"code": "test_true_bools_override_product", "title_code": "ru.integr"}], "storefront_refs": [{"code": "test_blank_fields_override_store", "title_code": "ru.integr"}]}, {"id": "01791358-e47d-79cf-d2da-f6fcd3dabd6a", "code": "test_3x_override_promo", "friendly_name": "3x over promo", "start_time": "10000", "end_time": "4676308940", "metadata": {}, "created_at": "2021-04-27T11:54:00.070249Z", "updated_at": "2021-04-27T11:54:00.070726Z", "active": true, "title_code": "ru.integr", "override_refs": [{"code": "test_override_omega_test_3x_override_product_697f0", "title_code": "ru.integr"}], "product_refs": [{"code": "test_3x_override_product", "title_code": "ru.integr"}], "storefront_refs": [{"code": "test_3x_override_store", "title_code": "ru.integr"}]}, {"id": "01791358-e47d-45b4-af2e-2f124d239996", "code": "test_basic_discount_promotion", "friendly_name": "promo w basic disc", "start_time": "500", "end_time": "4679462000", "metadata": {}, "created_at": "2021-04-27T11:54:00.070274Z", "updated_at": "2021-04-27T11:54:00.070745Z", "active": true, "title_code": "ru.integr", "override_refs": [{"code": "test_discount_basic_override_test_product_wi_1c3c6", "title_code": "ru.integr"}], "product_refs": [{"code": "test_product_with_discount", "title_code": "ru.integr"}], "storefront_refs": [{"code": "test_store_with_discount", "title_code": "ru.integr"}]}, {"id": "01797a23-b92d-1fca-d0a3-985eb6b8e475", "code": "test_discount_comp_abs_rm_override", "friendly_name": "test_discount_comp_abs_rm_override", "start_time": "1609459200", "end_time": "1956441600", "metadata": {}, "created_at": "2021-05-17T11:43:30.272906Z", "updated_at": "2021-05-17T11:43:30.273578Z", "active": true, "title_code": "ru.integr", "override_refs": [{"code": "override_2021-05-17_143759", "title_code": "ru.integr"}], "product_refs": [{"code": "test_abs_disc_comp_product_cost_rm", "title_code": "ru.integr"}], "storefront_refs": [{"code": "test_disc_comp_abs_rm_store", "title_code": "ru.integr"}]}, {"id": "01798470-952b-2828-29f5-649027a7bb2a", "code": "test_disc_comp_pct_pro_rm_promotion", "friendly_name": "disc comp rm promo", "start_time": "1609459200", "end_time": "1924992000", "metadata": {}, "created_at": "2021-05-19T11:43:41.539830Z", "updated_at": "2021-05-19T11:43:41.540414Z", "active": true, "title_code": "ru.integr", "override_refs": [{"code": "override_2021-05-19_144131", "title_code": "ru.integr"}], "product_refs": [{"code": "test_pct_pro_disc_comp_product_cost_rm", "title_code": "ru.integr"}], "storefront_refs": [{"code": "test_disc_comp_pct_pro_rm_store", "title_code": "ru.integr"}]}, {"id": "01798476-a1aa-3524-3674-efb6bc4087bb", "code": "test_purchaseable_true_to_false_rm_promotion", "friendly_name": "Purchaseable T to F override promo", "start_time": "500", "end_time": "4676462000", "metadata": {}, "created_at": "2021-05-19T11:50:13.416105Z", "updated_at": "2021-05-19T11:50:13.416709Z", "active": true, "title_code": "ru.integr", "override_refs": [{"code": "test_purchaseable_true_to_false_rm_override__7f93f", "title_code": "ru.integr"}], "product_refs": [{"code": "test_product_real_price", "title_code": "ru.integr"}], "storefront_refs": [{"code": "test_store_full", "title_code": "ru.integr"}]}, {"id": "01799e4a-6cc2-0e11-456b-116bcc7a2777", "code": "test_abs_zone_and_fixed_country_promo", "friendly_name": "ABS rm_zone and FIXED rm_country Promo", "start_time": "500", "end_time": "4676462000", "metadata": {}, "created_at": "2021-05-24T12:09:25.428771Z", "updated_at": "2021-05-24T12:09:25.429309Z", "active": true, "title_code": "ru.integr", "override_refs": [{"code": "test_abs_zone_and_fixed_country_override_tes_4bab2", "title_code": "ru.integr"}], "product_refs": [{"code": "test_product_abs_zone_fixed_country_rm", "title_code": "ru.integr"}], "storefront_refs": [{"code": "test_abs_zone_and_fixed_country_store", "title_code": "ru.integr"}]}, {"id": "01799e5c-1f25-48e5-5fd6-b96726bf5083", "code": "test_abs_zone_and_pct_pro_country_promo", "friendly_name": "ABS rm_zone and PCT_PRO rm_country Promo", "start_time": "500", "end_time": "4676462000", "metadata": {}, "created_at": "2021-05-24T12:25:30.803753Z", "updated_at": "2021-05-24T12:25:30.804431Z", "active": true, "title_code": "ru.integr", "override_refs": [{"code": "test_abs_zone_and_pct_pro_country_override_t_55881", "title_code": "ru.integr"}], "product_refs": [{"code": "test_product_abs_zone_pct_pro_country_rm", "title_code": "ru.integr"}], "storefront_refs": [{"code": "test_abs_zone_and_pct_pro_country_store", "title_code": "ru.integr"}]}, {"id": "01799e5c-1f25-85cf-56ac-5519ac8828ea", "code": "test_fixed_zone_and_abs_country_promo", "friendly_name": "FIXED rm_zone and ABS rm_country Promo", "start_time": "500", "end_time": "4676462000", "metadata": {}, "created_at": "2021-05-24T12:31:25.097549Z", "updated_at": "2021-05-24T12:31:25.098296Z", "active": true, "title_code": "ru.integr", "override_refs": [{"code": "test_fixed_zone_and_abs_country_override_tes_3ffc9", "title_code": "ru.integr"}], "product_refs": [{"code": "test_product_fixed_zone_abs_country_rm", "title_code": "ru.integr"}], "storefront_refs": [{"code": "test_fixed_zone_and_abs_country_store", "title_code": "ru.integr"}]}, {"id": "01799e6b-799b-189e-b739-c60f78ff8caf", "code": "test_pct_pro_blank_abs_country_promo", "friendly_name": "PCT PRO blank and ABS rm_country Promo", "start_time": "500", "end_time": "4676462000", "metadata": {}, "created_at": "2021-05-24T12:48:13.682199Z", "updated_at": "2021-05-24T12:48:13.682912Z", "active": true, "title_code": "ru.integr", "override_refs": [{"code": "test_pct_pro_blank_and_abs_country_override__8db7d", "title_code": "ru.integr"}], "product_refs": [{"code": "test_product_pct_pro_blank_abs_country_rm", "title_code": "ru.integr"}], "storefront_refs": [{"code": "test_pct_pro_blank_and_abs_country_store", "title_code": "ru.integr"}]}, {"id": "0179c23a-2b0a-ef10-84f9-f6e302784477", "code": "test_pct_pro_blank_and_abs_zone_country_promo", "friendly_name": "PCT PRO blank, ABS rm_zone and rm_country Promo", "start_time": "500", "end_time": "4676462000", "metadata": {}, "created_at": "2021-05-31T11:40:36.904863Z", "updated_at": "2021-05-31T11:40:36.905624Z", "active": true, "title_code": "ru.integr", "override_refs": [{"code": "test_pct_pro_blank_and_abs_zone_country_over_1d5ea", "title_code": "ru.integr"}], "product_refs": [{"code": "test_product_pct_pro_blank_abs_zone_country_rm", "title_code": "ru.integr"}], "storefront_refs": [{"code": "test_pct_pro_blank_and_abs_zone_country_store", "title_code": "ru.integr"}]}, {"id": "0179c24a-37f2-fbd9-bc30-630d6c53efdc", "code": "test_pct_pro_blank_and_fixed_zone_country_promo", "friendly_name": "PCT PRO blank, FIXED rm_zone and rm_country Promo", "start_time": "500", "end_time": "4676462000", "metadata": {}, "created_at": "2021-05-31T11:44:23.477413Z", "updated_at": "2021-05-31T11:44:23.478194Z", "active": true, "title_code": "ru.integr", "override_refs": [{"code": "test_pct_pro_blank_and_fixed_zone_country_ov_b0f45", "title_code": "ru.integr"}], "product_refs": [{"code": "test_product_pct_pro_blank_fixed_zone_country_rm", "title_code": "ru.integr"}], "storefront_refs": [{"code": "test_pct_pro_blank_and_fixed_zone_country_store", "title_code": "ru.integr"}]}, {"id": "0179c24a-37f2-845c-a695-16c7bfcd3424", "code": "test_pct_pro_blank_pct_pro_country_promo", "friendly_name": "PCT PRO blank and PCT PRO rm_country Promo", "start_time": "500", "end_time": "4676462000", "metadata": {}, "created_at": "2021-05-31T11:52:23.315006Z", "updated_at": "2021-05-31T11:52:23.315801Z", "active": true, "title_code": "ru.integr", "override_refs": [{"code": "test_pct_pro_blank_and_pct_pro_country_overr_183bd", "title_code": "ru.integr"}], "product_refs": [{"code": "test_product_pct_pro_blank_pct_pro_country_rm", "title_code": "ru.integr"}], "storefront_refs": [{"code": "test_pct_pro_blank_and_pct_pro_country_store", "title_code": "ru.integr"}]}, {"id": "0179c24a-37f2-d6cf-01cf-b8bfdeb676c1", "code": "test_pct_pro_blank_fixed_country_promo", "friendly_name": "PCT PRO blank and FIXED rm_country Promo", "start_time": "500", "end_time": "4676462000", "metadata": {}, "created_at": "2021-05-31T11:54:04.328563Z", "updated_at": "2021-05-31T11:54:04.329273Z", "active": true, "title_code": "ru.integr", "override_refs": [{"code": "test_pct_pro_blank_and_fixed_country_overrid_ec571", "title_code": "ru.integr"}], "product_refs": [{"code": "test_product_pct_pro_blank_fixed_country_rm", "title_code": "ru.integr"}], "storefront_refs": [{"code": "test_pct_pro_blank_and_fixed_country_store", "title_code": "ru.integr"}]}, {"id": "0179c24d-b1f5-35ed-4791-dcda7bfef2a6", "code": "test_pct_pro_blank_pct_pro_vc_curr_promo", "friendly_name": "PCT PRO blank and PCT PRO VC Curr Promo", "start_time": "500", "end_time": "4676462000", "metadata": {}, "created_at": "2021-05-31T12:01:53.892417Z", "updated_at": "2021-05-31T12:01:53.893425Z", "active": true, "title_code": "ru.integr", "override_refs": [{"code": "test_pct_pro_blank_and_pct_pro_vc_curr_overr_476c3", "title_code": "ru.integr"}], "product_refs": [{"code": "test_prod_pct_pro_blank_and_pct_pro_vc_curr_disc", "title_code": "ru.integr"}], "storefront_refs": [{"code": "test_pct_pro_blank_and_pct_pro_vc_curr_store", "title_code": "ru.integr"}]}, {"id": "0179c250-a77c-bc88-b5da-054a130507fc", "code": "test_pct_pro_blank_pct_pro_zone_promo", "friendly_name": "PCT PRO blank and PCT PRO rm_zone Promo", "start_time": "500", "end_time": "4676462000", "metadata": {}, "created_at": "2021-05-31T12:05:11.871297Z", "updated_at": "2021-05-31T12:05:11.872085Z", "active": true, "title_code": "ru.integr", "override_refs": [{"code": "test_pct_pro_blank_and_pct_pro_zone_override_63dcb", "title_code": "ru.integr"}], "product_refs": [{"code": "test_product_pct_pro_blank_pct_pro_zone_rm", "title_code": "ru.integr"}], "storefront_refs": [{"code": "test_pct_pro_blank_and_pct_pro_zone_store", "title_code": "ru.integr"}]}, {"id": "0179c254-c9e3-a006-41c4-da2cef2c46a7", "code": "test_pct_pro_blank_zone_country_promo", "friendly_name": "PCT PRO blank, rm_zone, and rm_country Promo", "start_time": "500", "end_time": "4676462000", "metadata": {}, "created_at": "2021-05-31T12:09:38.705200Z", "updated_at": "2021-05-31T12:09:38.705897Z", "active": true, "title_code": "ru.integr", "override_refs": [{"code": "test_pct_pro_blank_zone_country_override_tes_c92ba", "title_code": "ru.integr"}], "product_refs": [{"code": "test_product_pct_pro_blank_zone_country_rm", "title_code": "ru.integr"}], "storefront_refs": [{"code": "test_pct_pro_blank_zone_country_store", "title_code": "ru.integr"}]}, {"id": "0179c257-f6f9-8403-28d0-8d52de155299", "code": "test_pct_pro_zone_abs_country_promo", "friendly_name": "PCT PRO rm_zone and ABS rm_country Promo", "start_time": "500", "end_time": "4676462000", "metadata": {}, "created_at": "2021-05-31T12:13:11.257243Z", "updated_at": "2021-05-31T12:13:11.258006Z", "active": true, "title_code": "ru.integr", "override_refs": [{"code": "test_pct_pro_zone_and_abs_country_override_t_88148", "title_code": "ru.integr"}], "product_refs": [{"code": "test_product_pct_pro_zone_abs_country_rm", "title_code": "ru.integr"}], "storefront_refs": [{"code": "test_pct_pro_zone_and_abs_country_store", "title_code": "ru.integr"}]}, {"id": "0179c26a-1c22-ccc0-b296-3f10b95c9b5d", "code": "test_pct_pro_zone_fixed_country_promo", "friendly_name": "PCT PRO rm_zone and FIXED rm_country Promo", "start_time": "500", "end_time": "4676462000", "metadata": {}, "created_at": "2021-05-31T12:17:34.588569Z", "updated_at": "2021-05-31T12:17:34.589251Z", "active": true, "title_code": "ru.integr", "override_refs": [{"code": "test_pct_pro_zone_and_fixed_country_override_d6ee0", "title_code": "ru.integr"}], "product_refs": [{"code": "test_product_pct_pro_zone_fixed_country_rm", "title_code": "ru.integr"}], "storefront_refs": [{"code": "test_pct_pro_zone_and_fixed_country_store", "title_code": "ru.integr"}]}, {"id": "0179c26a-1c22-5178-c9bb-83d72c4731cb", "code": "test_pct_pro_zone_pct_pro_country_promo", "friendly_name": "PCT PRO rm_zone and PCT_PRO rm_country Promo", "start_time": "500", "end_time": "4676462000", "metadata": {}, "created_at": "2021-05-31T12:19:15.266927Z", "updated_at": "2021-05-31T12:19:15.267695Z", "active": true, "title_code": "ru.integr", "override_refs": [{"code": "test_pct_pro_zone_and_pct_pro_country_overri_d97a6", "title_code": "ru.integr"}], "product_refs": [{"code": "test_product_pct_pro_zone_pct_pro_country_rm", "title_code": "ru.integr"}], "storefront_refs": [{"code": "test_pct_pro_zone_and_pct_pro_country_store", "title_code": "ru.integr"}]}, {"id": "0179c26a-1c22-d794-f0cb-21f4f7b8bcf7", "code": "test_abs_zone_and_abs_country_promo", "friendly_name": "ABS rm_zone and ABS rm_country Promo", "start_time": "500", "end_time": "4676462000", "metadata": {}, "created_at": "2021-05-31T12:32:56.835867Z", "updated_at": "2021-05-31T12:32:56.836786Z", "active": true, "title_code": "ru.integr", "override_refs": [{"code": "test_abs_zone_and_abs_country_override_test__43ba6", "title_code": "ru.integr"}], "product_refs": [{"code": "test_product_abs_zone_abs_country_rm", "title_code": "ru.integr"}], "storefront_refs": [{"code": "test_abs_zone_and_abs_country_store", "title_code": "ru.integr"}]}, {"id": "0179c7e9-84b5-8160-36fc-751eb53f70c3", "code": "test_fixed_zone_fixed_country_promo", "friendly_name": "FIXED rm_zone and FIXED rm_country Promo", "start_time": "500", "end_time": "4676462000", "metadata": {}, "created_at": "2021-06-01T13:40:48.470592Z", "updated_at": "2021-06-01T13:40:48.471563Z", "active": true, "title_code": "ru.integr", "override_refs": [{"code": "test_fixed_zone_and_fixed_country_override_t_bb3c9", "title_code": "ru.integr"}], "product_refs": [{"code": "test_product_fixed_zone_fixed_country_rm", "title_code": "ru.integr"}], "storefront_refs": [{"code": "test_fixed_zone_and_fixed_country_store", "title_code": "ru.integr"}]}, {"id": "0179c7e9-84b5-8cd7-fa9d-6008e10bd39f", "code": "test_fixed_zone_pct_pro_country_promo", "friendly_name": "FIXED rm_zone and PCT PRO rm_country Promo", "start_time": "500", "end_time": "4676462000", "metadata": {}, "created_at": "2021-06-01T13:42:40.324322Z", "updated_at": "2021-06-01T13:42:40.325030Z", "active": true, "title_code": "ru.integr", "override_refs": [{"code": "test_fixed_zone_and_pct_pro_country_override_7f03f", "title_code": "ru.integr"}], "product_refs": [{"code": "test_product_fixed_zone_pct_pro_country_rm", "title_code": "ru.integr"}], "storefront_refs": [{"code": "test_fixed_zone_and_pct_pro_country_store", "title_code": "ru.integr"}]}, {"id": "017a5291-1479-5b1d-618c-94e43e082a9d", "code": "test_purchaseable_false_to_true_rm_promotion", "friendly_name": "Purchaseable F to T override promo", "start_time": "500", "end_time": "4676462000", "metadata": {}, "created_at": "2021-06-28T12:20:38.130433Z", "updated_at": "2021-06-28T12:20:38.130944Z", "active": true, "title_code": "ru.integr", "override_refs": [{"code": "test_purchaseable_false_to_true_rm_override__990fa", "title_code": "ru.integr"}], "product_refs": [{"code": "test_prod_vis_true_purch_false_rm", "title_code": "ru.integr"}], "storefront_refs": [{"code": "test_visible_purchasable_rm_store", "title_code": "ru.integr"}]}, {"id": "017a52b5-7240-83e6-95ed-e6ea1bf6ef9c", "code": "test_discount_abs_real_promotion", "friendly_name": "abs real promo", "start_time": "500", "end_time": "4676462000", "metadata": {}, "created_at": "2021-06-28T13:00:18.055306Z", "updated_at": "2021-06-28T13:00:18.055875Z", "active": true, "title_code": "ru.integr", "override_refs": [{"code": "test_discount_abs_real_override_test_product_6901b", "title_code": "ru.integr"}], "product_refs": [{"code": "test_product_abs_disc_real_price", "title_code": "ru.integr"}], "storefront_refs": [{"code": "test_discount_abs_real_store", "title_code": "ru.integr"}]}, {"id": "017a52c3-2063-1d73-dcd0-47b6bf7d639f", "code": "test_discount_fixed_real_promotion", "friendly_name": "fx real promo", "start_time": "500", "end_time": "4676462000", "metadata": {}, "created_at": "2021-06-28T13:06:36.924151Z", "updated_at": "2021-06-28T13:06:36.924679Z", "active": true, "title_code": "ru.integr", "override_refs": [{"code": "test_discount_fixed_real_override_test_produ_65cae", "title_code": "ru.integr"}], "product_refs": [{"code": "test_product_fixed_disc_real_price", "title_code": "ru.integr"}], "storefront_refs": [{"code": "test_discount_fixed_real_store", "title_code": "ru.integr"}]}, {"id": "017a52c3-2063-57f4-1c29-790dc7b963d7", "code": "test_discount_pct_pro_real_promotion", "friendly_name": "pp real promo", "start_time": "500", "end_time": "4676462000", "metadata": {}, "created_at": "2021-06-28T13:09:46.058834Z", "updated_at": "2021-06-28T13:09:46.059425Z", "active": true, "title_code": "ru.integr", "override_refs": [{"code": "test_discount_pct_pro_real_override_test_pro_4bbb0", "title_code": "ru.integr"}], "product_refs": [{"code": "test_product_pct_pro_disc_real_price", "title_code": "ru.integr"}], "storefront_refs": [{"code": "test_discount_pct_pro_real_store", "title_code": "ru.integr"}]}, {"id": "017a52c3-2063-3ba3-6321-411755f55a9d", "code": "pct_pro_zone_discount_promotion", "friendly_name": "promo pct pro zone", "start_time": "500", "end_time": "4679462000", "metadata": {}, "created_at": "2021-06-28T13:15:22.962669Z", "updated_at": "2021-06-28T13:15:22.963224Z", "active": true, "title_code": "ru.integr", "override_refs": [{"code": "override_2021-06-28_161357", "title_code": "ru.integr"}, {"code": "override_2021-06-28_161427", "title_code": "ru.integr"}, {"code": "test_discount_pct_pro_with_zone_override_tes_f7312", "title_code": "ru.integr"}], "product_refs": [{"code": "test_prod_pct_pro_zone_disc_vc_and_real_price", "title_code": "ru.integr"}, {"code": "test_product_pct_pro_zone_disc_real_price", "title_code": "ru.integr"}, {"code": "test_product_pct_pro_zone_disc_vc_price", "title_code": "ru.integr"}], "storefront_refs": [{"code": "test_store_pct_pro_zone_discount", "title_code": "ru.integr"}]}, {"id": "017a52f9-9b42-6bc9-4252-e9a8f71ff7be", "code": "test_discount_abs_vc_promotion", "friendly_name": "abs vc promo", "start_time": "500", "end_time": "4676462000", "metadata": {}, "created_at": "2021-06-28T13:36:00.277859Z", "updated_at": "2021-06-28T13:36:00.278402Z", "active": true, "title_code": "ru.integr", "override_refs": [{"code": "test_discount_abs_vc_override_test_product_a_a505b", "title_code": "ru.integr"}], "product_refs": [{"code": "test_product_abs_disc_vc_price", "title_code": "ru.integr"}], "storefront_refs": [{"code": "test_abs_vc_discount_store", "title_code": "ru.integr"}]}, {"id": "017a8b38-8d38-8281-bb5e-28e63d41299e", "code": "test_fixed_latam_round_down_promo", "friendly_name": "fixed latam round down promo", "start_time": "500", "end_time": "4676462000", "metadata": {}, "created_at": "2021-07-09T11:49:22.253254Z", "updated_at": "2021-07-09T11:49:22.254283Z", "active": true, "title_code": "ru.integr", "override_refs": [{"code": "test_fixed_latam_round_down_override_test_pr_22d10", "title_code": "ru.integr"}], "product_refs": [{"code": "test_prod_latin_country_fixed_disc_round_down", "title_code": "ru.integr"}], "storefront_refs": [{"code": "test_fixed_latam_round_down_store", "title_code": "ru.integr"}]}, {"id": "017a8b38-8d38-c26b-2146-85a9dbeadd99", "code": "test_abs_latam_round_up_promo", "friendly_name": "abs latam round up promo", "start_time": "500", "end_time": "4676462000", "metadata": {}, "created_at": "2021-07-09T12:02:19.711513Z", "updated_at": "2021-07-09T12:02:19.712173Z", "active": true, "title_code": "ru.integr", "override_refs": [{"code": "test_abs_latam_round_up_override_test_prod_l_cee79", "title_code": "ru.integr"}], "product_refs": [{"code": "test_prod_latin_country_abs_disc_round_up", "title_code": "ru.integr"}], "storefront_refs": [{"code": "test_abs_latam_round_up_store", "title_code": "ru.integr"}]}, {"id": "017a9b95-109f-ffbb-6065-223cbe0532f1", "code": "test_extra_product_promotion_2", "friendly_name": "promo extra product references two products", "start_time": "1609459200", "end_time": "1956441600", "metadata": {}, "created_at": "2021-07-09T15:06:44.217117Z", "updated_at": "2021-07-09T15:06:44.218163Z", "active": true, "title_code": "ru.integr", "override_refs": [{"code": "override_2021-07-09_175844", "title_code": "ru.integr"}, {"code": "override_2021-07-09_175859", "title_code": "ru.integr"}], "product_refs": [{"code": "test_extra_product_2", "title_code": "ru.integr"}, {"code": "test_product_max_1", "title_code": "ru.integr"}], "storefront_refs": [{"code": "test_promotion_empty_store_2", "title_code": "ru.integr"}]}, {"id": "017a9b95-109f-d9d4-d056-ab4526414b6d", "code": "test_extra_overridden_product_promotion", "friendly_name": "promo xtr product 2", "start_time": "10000", "end_time": "4676410000", "metadata": {}, "created_at": "2021-07-12T16:35:36.981648Z", "updated_at": "2021-07-12T16:35:36.982492Z", "active": true, "title_code": "ru.integr", "override_refs": [{"code": "override_2021-07-12_192647", "title_code": "ru.integr"}], "product_refs": [{"code": "test_extra_overwritten_product", "title_code": "ru.integr"}], "storefront_refs": [{"code": "test_promotion_overridden_empty_store", "title_code": "ru.integr"}]}, {"id": "017a9b95-109f-0cfa-7ab9-5dc55189f9d8", "code": "test_promotion", "friendly_name": "Test Promotion", "start_time": "1609459200", "end_time": "1609545540", "metadata": {}, "created_at": "2021-07-12T16:36:06.153474Z", "updated_at": "2021-07-12T16:36:06.154368Z", "active": true, "title_code": "ru.integr", "override_refs": [{"code": "override_2021-07-12_193454", "title_code": "ru.integr"}], "product_refs": [{"code": "test_product_unlock", "title_code": "ru.integr"}], "storefront_refs": [{"code": "test_store", "title_code": "ru.integr"}]}, {"id": "017acea4-73ed-a2de-cd30-fb9fbca6afaa", "code": "test_extra_product_promotion", "friendly_name": "this promo adds a product", "start_time": "1609459200", "end_time": "1956355200", "metadata": {}, "created_at": "2021-07-12T16:46:40.756159Z", "updated_at": "2021-07-12T16:46:40.756948Z", "active": true, "title_code": "ru.integr", "override_refs": [{"code": "override_2021-07-12_194553", "title_code": "ru.integr"}], "product_refs": [{"code": "test_extra_product", "title_code": "ru.integr"}], "storefront_refs": [{"code": "test_promotion_empty_store", "title_code": "ru.integr"}]}, {"id": "017acea4-73ed-1833-c87e-f38db785fed3", "code": "test_promo_fixed_vc_promotion", "friendly_name": "fixed vc promo", "start_time": "500", "end_time": "4676462000", "metadata": {}, "created_at": "2021-07-22T13:52:30.943643Z", "updated_at": "2021-07-22T13:52:30.944355Z", "active": true, "title_code": "ru.integr", "override_refs": [{"code": "override_2021-07-22_164608", "title_code": "ru.integr"}, {"code": "override_2021-07-22_164659", "title_code": "ru.integr"}, {"code": "override_2021-07-22_164916", "title_code": "ru.integr"}], "product_refs": [{"code": "test_product_contains_comp_fixed_disc", "title_code": "ru.integr"}, {"code": "test_product_fixed_promo_vc_price_1", "title_code": "ru.integr"}, {"code": "test_product_fixed_promo_vc_price_2", "title_code": "ru.integr"}], "storefront_refs": [{"code": "test_promo_fixed_vc_discount_store", "title_code": "ru.integr"}]}, {"id": "017acea4-73ed-ac1d-60ac-f5f7c2f1ccb6", "code": "test_promo_pct_pro_vc_promotion", "friendly_name": "test_promo_pct_pro_vc_promotion", "start_time": "500", "end_time": "4676462000", "metadata": {}, "created_at": "2021-07-22T14:01:52.906977Z", "updated_at": "2021-07-22T14:01:52.907525Z", "active": true, "title_code": "ru.integr", "override_refs": [{"code": "override_2021-07-22_165829", "title_code": "ru.integr"}, {"code": "override_2021-07-22_165938", "title_code": "ru.integr"}, {"code": "override_2021-07-22_170010", "title_code": "ru.integr"}], "product_refs": [{"code": "test_product_contains_comp_pct_pro_disc", "title_code": "ru.integr"}, {"code": "test_product_pct_pro_promo_vc_price_1", "title_code": "ru.integr"}, {"code": "test_product_pct_pro_promo_vc_price_2", "title_code": "ru.integr"}], "storefront_refs": [{"code": "test_promo_pct_pro_vc_store", "title_code": "ru.integr"}]}, {"id": "01791358-e47d-47f7-f6e3-ae3c03bc9401", "code": "test_single_prod_promo_abs_vc_promotion", "friendly_name": "abs vc promo", "start_time": "500", "end_time": "4676462000", "metadata": {}, "created_at": "2021-07-22T14:08:03.193440Z", "updated_at": "2021-07-22T14:08:03.194413Z", "active": true, "title_code": "ru.integr", "override_refs": [{"code": "test_single_prod_promo_abs_vc_override_test__6b65b", "title_code": "ru.integr"}], "product_refs": [{"code": "test_single_prod_abs_promo_vc_price_1", "title_code": "ru.integr"}], "storefront_refs": [{"code": "test_single_prod_promo_abs_vc_discount_store", "title_code": "ru.integr"}]}, {"id": "017acea4-73ed-2adb-8f1c-87c702db48c5", "code": "test_single_prod_promo_fixed_vc_promotion", "friendly_name": "fixed vc promo", "start_time": "500", "end_time": "4676462000", "metadata": {}, "created_at": "2021-07-22T14:12:49.517120Z", "updated_at": "2021-07-22T14:12:49.517789Z", "active": true, "title_code": "ru.integr", "override_refs": [{"code": "test_single_prod_promo_fixed_vc_override_tes_9a833", "title_code": "ru.integr"}], "product_refs": [{"code": "test_single_prod_fixed_promo_vc_price_1", "title_code": "ru.integr"}], "storefront_refs": [{"code": "test_single_prod_promo_fixed_vc_discount_store", "title_code": "ru.integr"}]}, {"id": "017acea4-73ed-fc9e-d110-617ee294d697", "code": "test_prod_in_2_stores_abs_vc_promotion", "friendly_name": "abs vc promo", "start_time": "500", "end_time": "4676462000", "metadata": {}, "created_at": "2021-07-22T14:22:10.840916Z", "updated_at": "2021-07-22T14:22:10.841458Z", "active": true, "title_code": "ru.integr", "override_refs": [{"code": "test_prod_in_2_stores_abs_vc_override_test_p_43663", "title_code": "ru.integr"}], "product_refs": [{"code": "test_prod_in_2_stores_abs_promo_vc_price_1", "title_code": "ru.integr"}], "storefront_refs": [{"code": "test_prod_in_2_stores_abs_vc_store_1", "title_code": "ru.integr"}]}, {"id": "017acea4-73ed-d9a3-b070-674c39a0877a", "code": "test_prod_in_2_stores_fixed_vc_promotion", "friendly_name": "fixed vc promo", "start_time": "500", "end_time": "4676462000", "metadata": {}, "created_at": "2021-07-22T14:27:46.974316Z", "updated_at": "2021-07-22T14:27:46.975031Z", "active": true, "title_code": "ru.integr", "override_refs": [{"code": "test_prod_in_2_stores_fixed_vc_override_test_b1cf5", "title_code": "ru.integr"}], "product_refs": [{"code": "test_prod_in_2_stores_fixed_promo_vc_price_1", "title_code": "ru.integr"}], "storefront_refs": [{"code": "test_prod_in_2_stores_fixed_vc_store_1", "title_code": "ru.integr"}]}, {"id": "017acea4-73ed-36f2-098a-81405950ae31", "code": "test_prod_in_2_stores_pct_pro_vc_promotion", "friendly_name": "pct pro vc promo", "start_time": "500", "end_time": "4676462000", "metadata": {}, "created_at": "2021-07-22T14:31:09.982131Z", "updated_at": "2021-07-22T14:31:09.982654Z", "active": true, "title_code": "ru.integr", "override_refs": [{"code": "test_prod_in_2_stores_pct_pro_vc_override_te_413d0", "title_code": "ru.integr"}], "product_refs": [{"code": "test_prod_in_2_stores_pct_pro_promo_vc_price_1", "title_code": "ru.integr"}], "storefront_refs": [{"code": "test_prod_in_2_stores_pct_pro_vc_store_1", "title_code": "ru.integr"}]}]