[{"code": "test_1x_override_store", "friendly_name": "1x over store", "metadata": {}, "created_at": "2021-04-27T11:51:58.499259Z", "updated_at": "2021-04-27T11:51:58.499711Z", "title_code": "ru.integr", "catalog": "ru.integr-MAIN-10046", "namespace": "test_namespace", "metadata_namespace_filter": [], "metadata_query": [], "tags_query": [], "storefront_id": "01797a09-3dfd-22f3-2c54-08cacc71a618", "products": [{"code": "test_override_product"}], "product_references": [{"code": "test_override_product"}], "categories": {}}, {"code": "test_3x_override_store", "friendly_name": "3x over store", "metadata": {}, "created_at": "2021-04-27T11:51:58.482263Z", "updated_at": "2021-04-27T11:51:58.482781Z", "title_code": "ru.integr", "catalog": "ru.integr-MAIN-10046", "namespace": "test_namespace", "metadata_namespace_filter": [], "metadata_query": [], "tags_query": [], "storefront_id": "01797a09-3dfd-8ccd-4989-8951ad687718", "products": [{"code": "test_3x_override_product"}], "product_references": [{"code": "test_3x_override_product"}], "categories": {}}, {"code": "test_abs_vc_discount_store", "friendly_name": "abs vc store", "metadata": {}, "created_at": "2021-04-27T11:51:58.446474Z", "updated_at": "2021-04-27T11:51:58.446948Z", "title_code": "ru.integr", "catalog": "ru.integr-MAIN-10046", "namespace": "wgpm", "metadata_namespace_filter": [], "metadata_query": [], "tags_query": [], "storefront_id": "01791358-e3eb-9248-c92b-599acee6f245", "products": [{"code": "test_product_abs_disc_vc_price"}], "product_references": [{"code": "test_product_abs_disc_vc_price"}], "categories": {}}, {"code": "test_blank_fields_override_store", "friendly_name": "prod has true bools", "metadata": {}, "created_at": "2021-04-27T11:51:58.393522Z", "updated_at": "2021-04-27T11:51:58.394028Z", "title_code": "ru.integr", "catalog": "ru.integr-MAIN-10046", "namespace": "wgpm", "metadata_namespace_filter": [], "metadata_query": [], "tags_query": [], "storefront_id": "01791358-e3eb-9bc4-fa9b-81f5e13c48e2", "products": [{"code": "test_true_bools_override_product"}], "product_references": [{"code": "test_true_bools_override_product"}], "categories": {}}, {"code": "test_discount_abs_real_store", "friendly_name": "abs real store", "metadata": {}, "created_at": "2021-04-27T11:51:58.338670Z", "updated_at": "2021-04-27T11:51:58.339234Z", "title_code": "ru.integr", "catalog": "ru.integr-MAIN-10046", "namespace": "wgpm", "metadata_namespace_filter": [], "metadata_query": [], "tags_query": [], "storefront_id": "01791358-e3eb-743c-483a-9910dd421798", "products": [{"code": "test_product_abs_disc_real_price"}], "product_references": [{"code": "test_product_abs_disc_real_price"}], "categories": {}}, {"code": "test_discount_fixed_real_store", "friendly_name": "fx real store", "metadata": {}, "created_at": "2021-04-27T11:51:58.333501Z", "updated_at": "2021-04-27T11:51:58.333971Z", "title_code": "ru.integr", "catalog": "ru.integr-MAIN-10046", "namespace": "wgpm", "metadata_namespace_filter": [], "metadata_query": [], "tags_query": [], "storefront_id": "01791358-e3eb-5f99-3c66-665ebb3c7853", "products": [{"code": "test_product_fixed_disc_real_price"}], "product_references": [{"code": "test_product_fixed_disc_real_price"}], "categories": {}}, {"code": "test_discount_pct_pro_real_store", "friendly_name": "pct pro real store", "metadata": {}, "created_at": "2021-04-27T11:51:58.279764Z", "updated_at": "2021-04-27T11:51:58.280428Z", "title_code": "ru.integr", "catalog": "ru.integr-MAIN-10046", "namespace": "wgpm", "metadata_namespace_filter": [], "metadata_query": [], "tags_query": [], "storefront_id": "01791358-e3eb-a273-db4b-4a49973f832d", "products": [{"code": "test_product_pct_pro_disc_real_price"}], "product_references": [{"code": "test_product_pct_pro_disc_real_price"}], "categories": {}}, {"code": "test_discount_pct_pro_vc_store", "friendly_name": "pct pro vc store", "metadata": {}, "created_at": "2021-04-27T11:51:58.274459Z", "updated_at": "2021-04-27T11:51:58.274897Z", "title_code": "ru.integr", "catalog": "ru.integr-MAIN-10046", "namespace": "wgpm", "metadata_namespace_filter": [], "metadata_query": [], "tags_query": [], "storefront_id": "01791358-e3eb-1b1a-f0cc-813d0cf2765e", "products": [{"code": "test_product_pct_pro_disc_vc_price"}], "product_references": [{"code": "test_product_pct_pro_disc_vc_price"}], "categories": {}}, {"code": "test_fixed_vc_discount_store", "friendly_name": "fixed vc store", "metadata": {}, "created_at": "2021-04-27T11:51:58.222657Z", "updated_at": "2021-04-27T11:51:58.223118Z", "title_code": "ru.integr", "catalog": "ru.integr-MAIN-10046", "namespace": "wgpm", "metadata_namespace_filter": [], "metadata_query": [], "tags_query": [], "storefront_id": "01791358-e3eb-a421-6617-713b78cbe1f5", "products": [{"code": "test_product_fixed_disc_vc_price"}], "product_references": [{"code": "test_product_fixed_disc_vc_price"}], "categories": {}}, {"code": "test_overridden_country_promo_store", "friendly_name": "store country promo", "metadata": {}, "created_at": "2021-04-27T11:51:58.219164Z", "updated_at": "2021-04-27T11:51:58.219597Z", "title_code": "ru.integr", "catalog": "ru.integr-MAIN-10046", "namespace": "test_namespace", "metadata_namespace_filter": [], "metadata_query": [], "tags_query": [], "storefront_id": "017acea4-733f-0fe0-de0d-b5ad3f45360d", "products": [{"code": "test_promo_restrict_country_product"}], "product_references": [{"code": "test_promo_restrict_country_product"}], "categories": {}}, {"code": "test_promotion_empty_store", "friendly_name": "empty store", "metadata": {}, "created_at": "2021-04-27T11:51:58.189477Z", "updated_at": "2021-04-27T11:51:58.189945Z", "title_code": "ru.integr", "catalog": "ru.integr-MAIN-10046", "namespace": "test_namespace", "metadata_namespace_filter": [], "metadata_query": [], "tags_query": [], "storefront_id": "017acea4-733f-659a-a0e8-ae1a241d74f9", "products": [], "product_references": [], "categories": {}}, {"code": "test_promotion_empty_store_2", "friendly_name": "empty store 2", "metadata": {}, "created_at": "2021-04-27T11:51:58.184279Z", "updated_at": "2021-04-27T11:51:58.184799Z", "title_code": "ru.integr", "catalog": "ru.integr-MAIN-10046", "namespace": "test_namespace", "metadata_namespace_filter": [], "metadata_query": [], "tags_query": [], "storefront_id": "017a9b95-0fb8-74fe-d3fa-2eb90c36556b", "products": [], "product_references": [], "categories": {}}, {"code": "test_promotion_ended_store", "friendly_name": "ended promo store", "metadata": {}, "created_at": "2021-04-27T11:51:58.132592Z", "updated_at": "2021-04-27T11:51:58.133121Z", "title_code": "ru.integr", "catalog": "ru.integr-MAIN-10046", "namespace": "wgpm", "metadata_namespace_filter": [], "metadata_query": [], "tags_query": [], "storefront_id": "01797a09-3dfd-7e2d-b1ee-b34d1d921511", "products": [{"code": "test_override_product"}], "product_references": [{"code": "test_override_product"}], "categories": {}}, {"code": "test_promotion_overridden_empty_store", "friendly_name": "empty ovrd store", "metadata": {}, "created_at": "2021-04-27T11:51:58.065671Z", "updated_at": "2021-04-27T11:51:58.066162Z", "title_code": "ru.integr", "catalog": "ru.integr-MAIN-10046", "namespace": "test_namespace", "metadata_namespace_filter": [], "metadata_query": [], "tags_query": [], "storefront_id": "01797a09-3dfd-523f-8169-f9aee6510fa7", "products": [], "product_references": [], "categories": {}}, {"code": "test_store", "friendly_name": "Test Storefront", "metadata": {}, "created_at": "2021-04-27T11:51:58.044226Z", "updated_at": "2021-04-27T11:51:58.044708Z", "title_code": "ru.integr", "catalog": "ru.integr-MAIN-10046", "namespace": "wgpm", "metadata_namespace_filter": [], "metadata_query": [], "tags_query": [], "storefront_id": "017a9b95-0fb9-58c8-ed4e-0c8f1ff6e7c8", "products": [{"code": "test_product_max_1"}, {"code": "test_product_entitlement"}, {"code": "test_product_free"}, {"code": "test_product_full"}, {"code": "test_product_full_real_price"}, {"code": "test_product_test_currency"}, {"code": "test_product_money"}, {"code": "test_product_more_test_currency"}, {"code": "test_product_multi"}, {"code": "test_product_unlock"}, {"code": "test_product_xp"}, {"code": "test_product_with_multi_currencies"}, {"code": "test_product_with_multi_entitlements"}, {"code": "test_product_with_multi_curr_and_entitle"}], "product_references": [{"code": "test_product_max_1"}, {"code": "test_product_entitlement"}, {"code": "test_product_free"}, {"code": "test_product_full"}, {"code": "test_product_full_real_price"}, {"code": "test_product_test_currency"}, {"code": "test_product_money"}, {"code": "test_product_more_test_currency"}, {"code": "test_product_multi"}, {"code": "test_product_unlock"}, {"code": "test_product_xp"}, {"code": "test_product_with_multi_currencies"}, {"code": "test_product_with_multi_entitlements"}, {"code": "test_product_with_multi_curr_and_entitle"}], "categories": {}}, {"code": "test_store_country_restrictions", "friendly_name": "Store with product country restrictions", "metadata": {}, "created_at": "2021-04-27T11:51:57.985693Z", "updated_at": "2021-04-27T11:51:57.986269Z", "title_code": "ru.integr", "catalog": "ru.integr-MAIN-10046", "namespace": "wgpm", "metadata_namespace_filter": [], "metadata_query": [], "tags_query": [], "storefront_id": "01791358-e3eb-e8a5-ee89-10eeaf69435b", "products": [{"code": "test_product_country_price_override"}, {"code": "test_product_country_restricted"}, {"code": "test_product_with_base_price"}], "product_references": [{"code": "test_product_country_price_override"}, {"code": "test_product_country_restricted"}, {"code": "test_product_with_base_price"}], "categories": {}}, {"code": "test_store_full", "friendly_name": "Test Storefront", "metadata": {}, "created_at": "2021-04-27T11:51:57.920586Z", "updated_at": "2021-04-27T11:51:57.921068Z", "title_code": "ru.integr", "catalog": "ru.integr-MAIN-10046", "namespace": "pss", "metadata_namespace_filter": [], "metadata_query": [], "tags_query": [], "storefront_id": "01797a09-3dfd-7306-7740-a10fc6f884a8", "products": [{"code": "test_product_full_real_price"}, {"code": "test_product_real_price"}, {"code": "test_product_rm_zz"}, {"code": "test_product_variable"}, {"code": "test_product_variable_power"}, {"code": "test_product_variable_na_trilogy"}, {"code": "test_product_variable_eu_trilogy"}, {"code": "TEST_PRODUCT_CASE_SENSITIVE"}, {"code": "test_product_variable_asia_trilogy"}, {"code": "test_product_variable_ru_trilogy"}], "product_references": [{"code": "test_product_full_real_price"}, {"code": "test_product_real_price"}, {"code": "test_product_rm_zz"}, {"code": "test_product_variable"}, {"code": "test_product_variable_power"}, {"code": "test_product_variable_na_trilogy"}, {"code": "test_product_variable_eu_trilogy"}, {"code": "TEST_PRODUCT_CASE_SENSITIVE"}, {"code": "test_product_variable_asia_trilogy"}, {"code": "test_product_variable_ru_trilogy"}], "categories": {}}, {"code": "test_store_min", "friendly_name": "Test Storefront with Min VC", "metadata": {}, "created_at": "2021-04-27T11:51:57.914553Z", "updated_at": "2021-04-27T11:51:57.915025Z", "title_code": "ru.integr", "catalog": "ru.integr-MAIN-10046", "namespace": "wgpm", "metadata_namespace_filter": [], "metadata_query": [], "tags_query": [], "storefront_id": "01791358-e3eb-6ee2-fa53-f1e32ee78fff", "products": [{"code": "test_product_variable_eu_trilogy_min"}, {"code": "test_product_variable_asia_trilogy_min"}, {"code": "test_product_variable_ru_trilogy_min"}], "product_references": [{"code": "test_product_variable_eu_trilogy_min"}, {"code": "test_product_variable_asia_trilogy_min"}, {"code": "test_product_variable_ru_trilogy_min"}], "categories": {}}, {"code": "test_store_with_discount", "friendly_name": "store with discount", "metadata": {}, "created_at": "2021-04-27T11:51:57.865992Z", "updated_at": "2021-04-27T11:51:57.866464Z", "title_code": "ru.integr", "catalog": "ru.integr-MAIN-10046", "namespace": "wgpm", "metadata_namespace_filter": [], "metadata_query": [], "tags_query": [], "storefront_id": "01797a09-3dfd-d18a-2308-a33a88f3c215", "products": [{"code": "test_product_with_discount"}], "product_references": [{"code": "test_product_with_discount"}], "categories": {}}, {"code": "test_store_with_prerequisites", "friendly_name": "Storefront for prereq testing", "metadata": {}, "created_at": "2021-04-27T11:51:57.851354Z", "updated_at": "2021-04-27T11:51:57.851889Z", "title_code": "ru.integr", "catalog": "ru.integr-MAIN-10046", "namespace": "wgpm", "metadata_namespace_filter": [], "metadata_query": [], "tags_query": [], "storefront_id": "01797a09-3dfd-16c2-1203-0ed85240e685", "products": [{"code": "test_product_with_equals_prereq"}, {"code": "test_product_with_greater_than_prereq"}, {"code": "test_product_with_less_than_prereq"}], "product_references": [{"code": "test_product_with_equals_prereq"}, {"code": "test_product_with_greater_than_prereq"}, {"code": "test_product_with_less_than_prereq"}], "categories": {}}, {"code": "test_store_with_equals_prerequisites", "friendly_name": "Storefront for equal prereq testing", "metadata": {}, "created_at": "2021-04-27T11:51:57.806793Z", "updated_at": "2021-04-27T11:51:57.807385Z", "title_code": "ru.integr", "catalog": "ru.integr-MAIN-10046", "namespace": "wgpm", "metadata_namespace_filter": [], "metadata_query": [], "tags_query": [], "storefront_id": "01797a09-3dfd-e7c9-3351-49367a348b4b", "products": [{"code": "test_product_with_equals_one_prereq"}, {"code": "test_product_with_equals_zero_prereq"}], "product_references": [{"code": "test_product_with_equals_one_prereq"}, {"code": "test_product_with_equals_zero_prereq"}], "categories": {}}, {"code": "test_store_with_prerequisites_rm", "friendly_name": "Storefront for rm prereq testing", "metadata": {}, "created_at": "2021-04-27T11:51:57.767444Z", "updated_at": "2021-04-27T11:51:57.767903Z", "title_code": "ru.integr", "catalog": "ru.integr-MAIN-10046", "namespace": "wgpm", "metadata_namespace_filter": [], "metadata_query": [], "tags_query": [], "storefront_id": "01797a09-3dfd-56d8-4857-e24bbf4be00f", "products": [{"code": "test_product_with_equals_prereq_rm"}, {"code": "test_product_with_greater_than_prereq_rm"}, {"code": "test_product_with_less_than_prereq_rm"}, {"code": "test_product_with_equals_one_prereq_rm"}, {"code": "test_product_with_equals_zero_prereq_rm"}], "product_references": [{"code": "test_product_with_equals_prereq_rm"}, {"code": "test_product_with_greater_than_prereq_rm"}, {"code": "test_product_with_less_than_prereq_rm"}, {"code": "test_product_with_equals_one_prereq_rm"}, {"code": "test_product_with_equals_zero_prereq_rm"}], "categories": {}}, {"code": "test_store_pct_pro_zone_discount", "friendly_name": "store with zone discount", "metadata": {}, "created_at": "2021-04-27T11:51:57.734195Z", "updated_at": "2021-04-27T11:51:57.734661Z", "title_code": "ru.integr", "catalog": "ru.integr-MAIN-10046", "namespace": "wgpm", "metadata_namespace_filter": [], "metadata_query": [], "tags_query": [], "storefront_id": "017a52b1-675d-fc5f-b824-591771c88bb1", "products": [{"code": "test_product_pct_pro_zone_disc_real_price"}, {"code": "test_prod_pct_pro_zone_disc_vc_and_real_price"}, {"code": "test_product_pct_pro_zone_disc_vc_price"}], "product_references": [{"code": "test_product_pct_pro_zone_disc_real_price"}, {"code": "test_prod_pct_pro_zone_disc_vc_and_real_price"}, {"code": "test_product_pct_pro_zone_disc_vc_price"}], "categories": {}}, {"code": "test_store_pct_pro_zone_vc_discount", "friendly_name": "store with zone and vc discount", "metadata": {}, "created_at": "2021-04-27T11:51:57.698078Z", "updated_at": "2021-04-27T11:51:57.698553Z", "title_code": "ru.integr", "catalog": "ru.integr-MAIN-10046", "namespace": "wgpm", "metadata_namespace_filter": [], "metadata_query": [], "tags_query": [], "storefront_id": "01791358-e3eb-c658-91fd-1597497fd866", "products": [{"code": "test_prod_pct_pro_zone_and_vc_disc_real_price"}, {"code": "test_prod_pct_zone_and_vc_disc_vc_and_real_price"}, {"code": "test_prod_pct_pro_zone_and_vc_disc_vc_price"}], "product_references": [{"code": "test_prod_pct_pro_zone_and_vc_disc_real_price"}, {"code": "test_prod_pct_zone_and_vc_disc_vc_and_real_price"}, {"code": "test_prod_pct_pro_zone_and_vc_disc_vc_price"}], "categories": {}}, {"code": "test_promo_pct_pro_vc_store", "friendly_name": "test_promo_pct_pro_vc_store", "metadata": {}, "created_at": "2021-07-22T13:58:05.632486Z", "updated_at": "2021-07-22T13:58:05.633260Z", "title_code": "ru.integr", "catalog": "ru.integr-MAIN-10046", "namespace": "wgpm", "metadata_namespace_filter": [], "metadata_query": [], "tags_query": [], "storefront_id": "017ad379-64bd-0fb5-af8f-2fd4c700f84d", "products": [{"code": "test_product_contains_comp_pct_pro_disc"}, {"code": "test_product_pct_pro_promo_vc_price_1"}, {"code": "test_product_pct_pro_promo_vc_price_2"}], "product_references": [{"code": "test_product_contains_comp_pct_pro_disc"}, {"code": "test_product_pct_pro_promo_vc_price_1"}, {"code": "test_product_pct_pro_promo_vc_price_2"}], "categories": {}}, {"code": "test_promo_fixed_vc_discount_store", "friendly_name": "test_promo_fixed_vc_discount_store", "metadata": {}, "created_at": "2021-07-22T13:43:45.419831Z", "updated_at": "2021-07-22T13:43:45.420533Z", "title_code": "ru.integr", "catalog": "ru.integr-MAIN-10046", "namespace": "wgpm", "metadata_namespace_filter": [], "metadata_query": [], "tags_query": [], "storefront_id": "017ad379-64bd-7b0d-cdbf-7cd494ca1875", "products": [{"code": "test_product_contains_comp_fixed_disc"}, {"code": "test_product_fixed_promo_vc_price_1"}, {"code": "test_product_fixed_promo_vc_price_2"}], "product_references": [{"code": "test_product_contains_comp_fixed_disc"}, {"code": "test_product_fixed_promo_vc_price_1"}, {"code": "test_product_fixed_promo_vc_price_2"}], "categories": {}}, {"code": "test_promo_abs_vc_discount_store", "friendly_name": "test_promo_abs_vc_discount_store", "metadata": {}, "created_at": "2021-07-12T17:06:17.336376Z", "updated_at": "2021-07-12T17:06:17.337009Z", "title_code": "ru.integr", "catalog": "ru.integr-MAIN-10046", "namespace": "wgpm", "metadata_namespace_filter": [], "metadata_query": [], "tags_query": [], "storefront_id": "017acea4-733f-ba59-e44b-2cc1a8cbc1d2", "products": [{"code": "test_product_contains_comp_abs_disc"}, {"code": "test_product_abs_promo_vc_price_1"}, {"code": "test_product_abs_promo_vc_price_2"}], "product_references": [{"code": "test_product_contains_comp_abs_disc"}, {"code": "test_product_abs_promo_vc_price_1"}, {"code": "test_product_abs_promo_vc_price_2"}], "categories": {}}, {"code": "test_single_prod_promo_pct_pro_vc_store", "friendly_name": "pct pro vc store", "metadata": {}, "created_at": "2021-04-27T11:51:57.560308Z", "updated_at": "2021-04-27T11:51:57.561045Z", "title_code": "ru.integr", "catalog": "ru.integr-MAIN-10046", "namespace": "wgpm", "metadata_namespace_filter": [], "metadata_query": [], "tags_query": [], "storefront_id": "01797a09-3dfe-2ede-4b39-5941249f2b75", "products": [{"code": "test_single_prod_pct_pro_promo_vc_price_1"}, {"code": "test_product_pct_pro_promo_vc_price_2"}], "product_references": [{"code": "test_single_prod_pct_pro_promo_vc_price_1"}, {"code": "test_product_pct_pro_promo_vc_price_2"}], "categories": {}}, {"code": "test_single_prod_promo_fixed_vc_discount_store", "friendly_name": "fixed vc store", "metadata": {}, "created_at": "2021-04-27T11:51:57.522898Z", "updated_at": "2021-04-27T11:51:57.523597Z", "title_code": "ru.integr", "catalog": "ru.integr-MAIN-10046", "namespace": "wgpm", "metadata_namespace_filter": [], "metadata_query": [], "tags_query": [], "storefront_id": "01797a09-3dfe-8be9-48a5-d78538dd6905", "products": [{"code": "test_single_prod_fixed_promo_vc_price_1"}, {"code": "test_product_fixed_promo_vc_price_2"}], "product_references": [{"code": "test_single_prod_fixed_promo_vc_price_1"}, {"code": "test_product_fixed_promo_vc_price_2"}], "categories": {}}, {"code": "test_single_prod_promo_abs_vc_discount_store", "friendly_name": "abs vc store", "metadata": {}, "created_at": "2021-04-27T11:51:57.492193Z", "updated_at": "2021-04-27T11:51:57.492679Z", "title_code": "ru.integr", "catalog": "ru.integr-MAIN-10046", "namespace": "wgpm", "metadata_namespace_filter": [], "metadata_query": [], "tags_query": [], "storefront_id": "01797a09-3dfe-596c-3740-d88aea98d9e3", "products": [{"code": "test_single_prod_abs_promo_vc_price_1"}, {"code": "test_product_abs_promo_vc_price_2"}], "product_references": [{"code": "test_single_prod_abs_promo_vc_price_1"}, {"code": "test_product_abs_promo_vc_price_2"}], "categories": {}}, {"code": "test_no_store_ref_promo_pct_pro_vc_store", "friendly_name": "test_no_store_ref_promo_pct_pro_vc_store", "metadata": {}, "created_at": "2021-07-22T13:58:15.942082Z", "updated_at": "2021-07-22T13:58:15.942834Z", "title_code": "ru.integr", "catalog": "ru.integr-MAIN-10046", "namespace": "wgpm", "metadata_namespace_filter": [], "metadata_query": [], "tags_query": [], "storefront_id": "017acea4-733f-3fa0-3abc-ffa6599a6a76", "products": [{"code": "test_product_pct_pro_promo_vc_price_1"}, {"code": "test_product_pct_pro_promo_vc_price_2"}, {"code": "test_product_promo_vc_price_3"}], "product_references": [{"code": "test_product_pct_pro_promo_vc_price_1"}, {"code": "test_product_pct_pro_promo_vc_price_2"}, {"code": "test_product_promo_vc_price_3"}], "categories": {}}, {"code": "test_no_store_ref_promo_fixed_vc_discount_store", "friendly_name": "test_no_store_ref_promo_fixed_vc_discount_store", "metadata": {}, "created_at": "2021-07-22T13:43:30.498401Z", "updated_at": "2021-07-22T13:43:30.499381Z", "title_code": "ru.integr", "catalog": "ru.integr-MAIN-10046", "namespace": "wgpm", "metadata_namespace_filter": [], "metadata_query": [], "tags_query": [], "storefront_id": "017acea4-733f-f5cc-f2a6-afff26930a9c", "products": [{"code": "test_product_fixed_promo_vc_price_1"}, {"code": "test_product_fixed_promo_vc_price_2"}, {"code": "test_product_promo_vc_price_3"}], "product_references": [{"code": "test_product_fixed_promo_vc_price_1"}, {"code": "test_product_fixed_promo_vc_price_2"}, {"code": "test_product_promo_vc_price_3"}], "categories": {}}, {"code": "test_no_store_ref_promo_abs_vc_discount_store", "friendly_name": "test_no_store_ref_promo_abs_vc_discount_store", "metadata": {}, "created_at": "2021-07-12T17:06:07.497127Z", "updated_at": "2021-07-12T17:06:07.497803Z", "title_code": "ru.integr", "catalog": "ru.integr-MAIN-10046", "namespace": "wgpm", "metadata_namespace_filter": [], "metadata_query": [], "tags_query": [], "storefront_id": "017acea4-733f-6cbb-568f-ea9eb2b52645", "products": [{"code": "test_product_abs_promo_vc_price_1"}, {"code": "test_product_abs_promo_vc_price_2"}, {"code": "test_product_promo_vc_price_3"}], "product_references": [{"code": "test_product_abs_promo_vc_price_1"}, {"code": "test_product_abs_promo_vc_price_2"}, {"code": "test_product_promo_vc_price_3"}], "categories": {}}, {"code": "test_prod_in_2_stores_pct_pro_vc_store_1", "friendly_name": "test_prod_in_2_stores_pct_pro_vc_store_1", "metadata": {}, "created_at": "2021-07-22T14:30:08.100062Z", "updated_at": "2021-07-22T14:30:08.100802Z", "title_code": "ru.integr", "catalog": "ru.integr-MAIN-10046", "namespace": "wgpm", "metadata_namespace_filter": [], "metadata_query": [], "tags_query": [], "storefront_id": "017acea4-733f-9006-1dea-5fbc7cf0a316", "products": [{"code": "test_prod_in_2_stores_pct_pro_promo_vc_price_1"}], "product_references": [{"code": "test_prod_in_2_stores_pct_pro_promo_vc_price_1"}], "categories": {}}, {"code": "test_prod_in_2_stores_pct_pro_vc_store_2", "friendly_name": "test_prod_in_2_stores_pct_pro_vc_store_2", "metadata": {}, "created_at": "2021-07-22T14:29:54.088280Z", "updated_at": "2021-07-22T14:29:54.089112Z", "title_code": "ru.integr", "catalog": "ru.integr-MAIN-10046", "namespace": "wgpm", "metadata_namespace_filter": [], "metadata_query": [], "tags_query": [], "storefront_id": "017acea4-733f-491c-3049-d976d973991d", "products": [{"code": "test_prod_in_2_stores_pct_pro_promo_vc_price_1"}], "product_references": [{"code": "test_prod_in_2_stores_pct_pro_promo_vc_price_1"}], "categories": {}}, {"code": "test_prod_in_2_stores_fixed_vc_store_1", "friendly_name": "test_prod_in_2_stores_fixed_vc_store_1", "metadata": {}, "created_at": "2021-07-22T14:23:31.509698Z", "updated_at": "2021-07-22T14:23:31.510534Z", "title_code": "ru.integr", "catalog": "ru.integr-MAIN-10046", "namespace": "wgpm", "metadata_namespace_filter": [], "metadata_query": [], "tags_query": [], "storefront_id": "017acea4-733f-4c01-6adf-81b42974ad26", "products": [{"code": "test_prod_in_2_stores_fixed_promo_vc_price_1"}], "product_references": [{"code": "test_prod_in_2_stores_fixed_promo_vc_price_1"}], "categories": {}}, {"code": "test_prod_in_2_stores_fixed_vc_store_2", "friendly_name": "test_prod_in_2_stores_fixed_vc_store_2", "metadata": {}, "created_at": "2021-07-22T14:23:20.069164Z", "updated_at": "2021-07-22T14:23:20.072641Z", "title_code": "ru.integr", "catalog": "ru.integr-MAIN-10046", "namespace": "wgpm", "metadata_namespace_filter": [], "metadata_query": [], "tags_query": [], "storefront_id": "017acea4-733f-14fc-20f7-e309d7f2210d", "products": [{"code": "test_prod_in_2_stores_fixed_promo_vc_price_1"}], "product_references": [{"code": "test_prod_in_2_stores_fixed_promo_vc_price_1"}], "categories": {}}, {"code": "test_prod_in_2_stores_abs_vc_store_1", "friendly_name": "test_prod_in_2_stores_abs_vc_store_1", "metadata": {}, "created_at": "2021-07-22T14:17:51.041722Z", "updated_at": "2021-07-22T14:17:51.042365Z", "title_code": "ru.integr", "catalog": "ru.integr-MAIN-10046", "namespace": "wgpm", "metadata_namespace_filter": [], "metadata_query": [], "tags_query": [], "storefront_id": "017acea4-733f-a598-1efe-36609d79a59f", "products": [{"code": "test_prod_in_2_stores_abs_promo_vc_price_1"}], "product_references": [{"code": "test_prod_in_2_stores_abs_promo_vc_price_1"}], "categories": {}}, {"code": "test_prod_in_2_stores_abs_vc_store_2", "friendly_name": "test_prod_in_2_stores_abs_vc_store_2", "metadata": {}, "created_at": "2021-07-22T14:17:34.582249Z", "updated_at": "2021-07-22T14:17:34.582790Z", "title_code": "ru.integr", "catalog": "ru.integr-MAIN-10046", "namespace": "wgpm", "metadata_namespace_filter": [], "metadata_query": [], "tags_query": [], "storefront_id": "017acea4-733f-5c7a-d0e0-31025ccd4331", "products": [{"code": "test_prod_in_2_stores_abs_promo_vc_price_1"}], "product_references": [{"code": "test_prod_in_2_stores_abs_promo_vc_price_1"}], "categories": {}}, {"code": "test_min_store", "friendly_name": "Test Storefront", "metadata": {}, "created_at": "2021-04-27T11:51:57.148247Z", "updated_at": "2021-04-27T11:51:57.148967Z", "title_code": "ru.integr", "catalog": "ru.integr-MAIN-10046", "namespace": "wgpm", "metadata_namespace_filter": [], "metadata_query": [], "tags_query": [], "storefront_id": "01791358-e3ec-3fc3-793f-e42261d33e51", "products": [{"code": "test_product_min_of_2"}], "product_references": [{"code": "test_product_min_of_2"}], "categories": {}}, {"code": "test_disc_comp_pct_pro_rm_store", "friendly_name": "disc comp real money store", "metadata": {}, "created_at": "2021-04-27T11:51:57.107548Z", "updated_at": "2021-04-27T11:51:57.108218Z", "title_code": "ru.integr", "catalog": "ru.integr-MAIN-10046", "namespace": "wgpm", "metadata_namespace_filter": [], "metadata_query": [], "tags_query": [], "storefront_id": "01799e14-1bc7-6c1a-2960-8524ef53d49d", "products": [{"code": "test_pct_pro_disc_comp_product_cost_rm"}], "product_references": [{"code": "test_pct_pro_disc_comp_product_cost_rm"}], "categories": {}}, {"code": "test_disc_comp_fixed_rm_store", "friendly_name": "disc comp real money store", "metadata": {}, "created_at": "2021-04-27T11:51:57.081053Z", "updated_at": "2021-04-27T11:51:57.081743Z", "title_code": "ru.integr", "catalog": "ru.integr-MAIN-10046", "namespace": "wgpm", "metadata_namespace_filter": [], "metadata_query": [], "tags_query": [], "storefront_id": "01798496-16ba-6ad8-5374-1f6c0cf7de07", "products": [{"code": "test_fixed_disc_comp_product_cost_rm"}], "product_references": [{"code": "test_fixed_disc_comp_product_cost_rm"}], "categories": {}}, {"code": "test_disc_comp_abs_rm_store", "friendly_name": "disc comp real money store", "metadata": {}, "created_at": "2021-04-27T11:51:57.052882Z", "updated_at": "2021-04-27T11:51:57.053460Z", "title_code": "ru.integr", "catalog": "ru.integr-MAIN-10046", "namespace": "wgpm", "metadata_namespace_filter": [], "metadata_query": [], "tags_query": [], "storefront_id": "01799e19-0bc2-b487-f299-61a41f254bce", "products": [{"code": "test_abs_disc_comp_product_cost_rm"}], "product_references": [{"code": "test_abs_disc_comp_product_cost_rm"}], "categories": {}}, {"code": "test_disc_comp_pct_pro_rm_and_vc_store", "friendly_name": "disc comp rm and vc store", "metadata": {}, "created_at": "2021-04-27T11:51:57.011327Z", "updated_at": "2021-04-27T11:51:57.012035Z", "title_code": "ru.integr", "catalog": "ru.integr-MAIN-10046", "namespace": "wgpm", "metadata_namespace_filter": [], "metadata_query": [], "tags_query": [], "storefront_id": "01799e22-1369-47b0-59e1-0bca5b637ec7", "products": [{"code": "test_pct_pro_disc_comp_prod_cost_rm_and_vc"}], "product_references": [{"code": "test_pct_pro_disc_comp_prod_cost_rm_and_vc"}], "categories": {}}, {"code": "test_disc_comp_fixed_rm_and_vc_store", "friendly_name": "disc comp rm and vc store", "metadata": {}, "created_at": "2021-04-27T11:51:56.997035Z", "updated_at": "2021-04-27T11:51:56.997495Z", "title_code": "ru.integr", "catalog": "ru.integr-MAIN-10046", "namespace": "wgpm", "metadata_namespace_filter": [], "metadata_query": [], "tags_query": [], "storefront_id": "01798496-16ba-5f21-bb81-de5345fbe25c", "products": [{"code": "test_fixed_disc_comp_product_cost_rm_and_vc"}], "product_references": [{"code": "test_fixed_disc_comp_product_cost_rm_and_vc"}], "categories": {}}, {"code": "test_disc_comp_abs_rm_and_vc_store", "friendly_name": "disc comp rm and vc store", "metadata": {}, "created_at": "2021-04-27T11:51:56.955420Z", "updated_at": "2021-04-27T11:51:56.955887Z", "title_code": "ru.integr", "catalog": "ru.integr-MAIN-10046", "namespace": "wgpm", "metadata_namespace_filter": [], "metadata_query": [], "tags_query": [], "storefront_id": "01798496-16ba-3ff0-3f1c-c9952cd8d1a1", "products": [{"code": "test_abs_disc_comp_product_cost_rm_and_vc"}], "product_references": [{"code": "test_abs_disc_comp_product_cost_rm_and_vc"}], "categories": {}}, {"code": "test_field_override_store", "friendly_name": "entitlement field override store", "metadata": {}, "created_at": "2021-04-27T11:51:56.936338Z", "updated_at": "2021-04-27T11:51:56.936986Z", "title_code": "ru.integr", "catalog": "ru.integr-MAIN-10046", "namespace": "wgpm", "metadata_namespace_filter": [], "metadata_query": [], "tags_query": [], "storefront_id": "01797a09-3dfe-b8be-d54d-50220fe67d7f", "products": [{"code": "test_product_entitlement"}], "product_references": [{"code": "test_product_entitlement"}], "categories": {}}, {"code": "test_latam_price_store", "friendly_name": "Test LATAM Storefront", "metadata": {}, "created_at": "2021-04-27T11:51:56.893338Z", "updated_at": "2021-04-27T11:51:56.893765Z", "title_code": "ru.integr", "catalog": "ru.integr-MAIN-10046", "namespace": "wgpm", "metadata_namespace_filter": [], "metadata_query": [], "tags_query": [], "storefront_id": "01797a09-3dfe-e64a-a929-f4daa3df4bdd", "products": [{"code": "test_product_latin_country_round_down"}, {"code": "test_product_latin_country_round_up"}], "product_references": [{"code": "test_product_latin_country_round_down"}, {"code": "test_product_latin_country_round_up"}], "categories": {}}, {"code": "test_pct_pro_latam_round_down_store", "friendly_name": "Test LATAM round down promo Storefront", "metadata": {}, "created_at": "2021-04-27T11:51:56.877169Z", "updated_at": "2021-04-27T11:51:56.877620Z", "title_code": "ru.integr", "catalog": "ru.integr-MAIN-10046", "namespace": "wgpm", "metadata_namespace_filter": [], "metadata_query": [], "tags_query": [], "storefront_id": "01797a09-3dfe-a638-d815-2916b1771e73", "products": [{"code": "test_prod_latin_country_pct_pro_disc_round_down"}], "product_references": [{"code": "test_prod_latin_country_pct_pro_disc_round_down"}], "categories": {}}, {"code": "test_fixed_latam_round_down_store", "friendly_name": "Test LATAM round down promo Storefront", "metadata": {}, "created_at": "2021-04-27T11:51:56.832798Z", "updated_at": "2021-04-27T11:51:56.833291Z", "title_code": "ru.integr", "catalog": "ru.integr-MAIN-10046", "namespace": "wgpm", "metadata_namespace_filter": [], "metadata_query": [], "tags_query": [], "storefront_id": "01797a09-3dfe-a485-87d5-cef464bc6604", "products": [{"code": "test_prod_latin_country_fixed_disc_round_down"}], "product_references": [{"code": "test_prod_latin_country_fixed_disc_round_down"}], "categories": {}}, {"code": "test_abs_latam_round_down_store", "friendly_name": "Test LATAM round down promo Storefront", "metadata": {}, "created_at": "2021-04-27T11:51:56.820637Z", "updated_at": "2021-04-27T11:51:56.821112Z", "title_code": "ru.integr", "catalog": "ru.integr-MAIN-10046", "namespace": "wgpm", "metadata_namespace_filter": [], "metadata_query": [], "tags_query": [], "storefront_id": "01797a09-3dfe-e065-84ad-68d9a866798a", "products": [{"code": "test_prod_latin_country_abs_disc_round_down"}], "product_references": [{"code": "test_prod_latin_country_abs_disc_round_down"}], "categories": {}}, {"code": "test_pct_pro_latam_round_up_store", "friendly_name": "Test LATAM round up promo Storefront", "metadata": {}, "created_at": "2021-04-27T11:51:56.777533Z", "updated_at": "2021-04-27T11:51:56.778019Z", "title_code": "ru.integr", "catalog": "ru.integr-MAIN-10046", "namespace": "wgpm", "metadata_namespace_filter": [], "metadata_query": [], "tags_query": [], "storefront_id": "01797a09-3dfe-b52d-7778-5c50cb848264", "products": [{"code": "test_prod_latin_country_pct_pro_disc_round_up"}], "product_references": [{"code": "test_prod_latin_country_pct_pro_disc_round_up"}], "categories": {}}, {"code": "test_fixed_latam_round_up_store", "friendly_name": "Test LATAM round up promo Storefront", "metadata": {}, "created_at": "2021-04-27T11:51:56.764577Z", "updated_at": "2021-04-27T11:51:56.765078Z", "title_code": "ru.integr", "catalog": "ru.integr-MAIN-10046", "namespace": "wgpm", "metadata_namespace_filter": [], "metadata_query": [], "tags_query": [], "storefront_id": "01797a09-3dfe-3bed-a6be-f87b00a0f6ed", "products": [{"code": "test_prod_latin_country_fixed_disc_round_up"}], "product_references": [{"code": "test_prod_latin_country_fixed_disc_round_up"}], "categories": {}}, {"code": "test_abs_latam_round_up_store", "friendly_name": "Test LATAM round up promo Storefront", "metadata": {}, "created_at": "2021-04-27T11:51:56.720699Z", "updated_at": "2021-04-27T11:51:56.721192Z", "title_code": "ru.integr", "catalog": "ru.integr-MAIN-10046", "namespace": "wgpm", "metadata_namespace_filter": [], "metadata_query": [], "tags_query": [], "storefront_id": "01797a09-3dfe-38ce-3819-75dbd86bd638", "products": [{"code": "test_prod_latin_country_abs_disc_round_up"}], "product_references": [{"code": "test_prod_latin_country_abs_disc_round_up"}], "categories": {}}, {"code": "test_visible_purchasable_vc_store", "friendly_name": "Visible and Purchasable Storefront VC", "metadata": {}, "created_at": "2021-04-27T11:51:56.683712Z", "updated_at": "2021-04-27T11:51:56.684227Z", "title_code": "ru.integr", "catalog": "ru.integr-MAIN-10046", "namespace": "wgpm", "metadata_namespace_filter": [], "metadata_query": [], "tags_query": [], "storefront_id": "01797a09-3dfe-3e01-c301-246eb30d974b", "products": [{"code": "test_prod_vis_false_purch_true_vc"}, {"code": "test_prod_vis_true_purch_false_vc"}, {"code": "test_prod_vis_false_purchasable_false_vc"}], "product_references": [{"code": "test_prod_vis_false_purch_true_vc"}, {"code": "test_prod_vis_true_purch_false_vc"}, {"code": "test_prod_vis_false_purchasable_false_vc"}], "categories": {}}, {"code": "test_visible_purchasable_rm_store", "friendly_name": "Visible and Purchasable Storefront RM", "metadata": {}, "created_at": "2021-04-27T11:51:56.653475Z", "updated_at": "2021-04-27T11:51:56.653981Z", "title_code": "ru.integr", "catalog": "ru.integr-MAIN-10046", "namespace": "wgpm", "metadata_namespace_filter": [], "metadata_query": [], "tags_query": [], "storefront_id": "0179a271-c4ce-bc04-d252-c6892fe6d146", "products": [{"code": "test_prod_vis_false_purch_true_rm"}, {"code": "test_prod_vis_true_purch_false_rm"}, {"code": "test_prod_vis_false_purchasable_false_rm"}], "product_references": [{"code": "test_prod_vis_false_purch_true_rm"}, {"code": "test_prod_vis_true_purch_false_rm"}, {"code": "test_prod_vis_false_purchasable_false_rm"}], "categories": {}}, {"code": "test_not_visible_store", "friendly_name": "Not Visible Storefront", "metadata": {}, "created_at": "2021-04-27T11:51:56.626936Z", "updated_at": "2021-04-27T11:51:56.627541Z", "title_code": "ru.integr", "catalog": "ru.integr-MAIN-10046", "namespace": "wgpm", "metadata_namespace_filter": [], "metadata_query": [], "tags_query": [], "storefront_id": "01797a09-3dfe-b9c9-137c-34b570c7833c", "products": [{"code": "test_prod_vis_false_purch_true_vc"}], "product_references": [{"code": "test_prod_vis_false_purch_true_vc"}], "categories": {}}, {"code": "test_purchaseable_override_store", "friendly_name": "Purchaseable Flag override Storefront", "metadata": {}, "created_at": "2021-04-27T11:51:56.585296Z", "updated_at": "2021-04-27T11:51:56.585993Z", "title_code": "ru.integr", "catalog": "ru.integr-MAIN-10046", "namespace": "wgpm", "metadata_namespace_filter": [], "metadata_query": [], "tags_query": [], "storefront_id": "01797a09-3dfe-8998-029b-3349ad18c050", "products": [{"code": "test_product_real_price"}, {"code": "test_prod_vis_true_purch_false_rm"}], "product_references": [{"code": "test_product_real_price"}, {"code": "test_prod_vis_true_purch_false_rm"}], "categories": {}}, {"code": "test_future_activated_promo_store", "friendly_name": "Future activated promo Storefront", "metadata": {}, "created_at": "2021-04-27T11:51:56.569043Z", "updated_at": "2021-04-27T11:51:56.569605Z", "title_code": "ru.integr", "catalog": "ru.integr-MAIN-10046", "namespace": "wgpm", "metadata_namespace_filter": [], "metadata_query": [], "tags_query": [], "storefront_id": "01797a09-3dfe-d419-c440-aeeb92270756", "products": [{"code": "test_product_future_activation_promo"}], "product_references": [{"code": "test_product_future_activation_promo"}], "categories": {}}, {"code": "test_pct_pro_blank_and_pct_pro_vc_curr_store", "friendly_name": "PCT PRO blank and PCT PRO VC Curr Storefront", "metadata": {}, "created_at": "2021-04-27T11:51:56.513958Z", "updated_at": "2021-04-27T11:51:56.514457Z", "title_code": "ru.integr", "catalog": "ru.integr-MAIN-10046", "namespace": "wgpm", "metadata_namespace_filter": [], "metadata_query": [], "tags_query": [], "storefront_id": "01797a09-3dfe-d5fd-07a7-e6b087a6b6f0", "products": [{"code": "test_prod_pct_pro_blank_and_pct_pro_vc_curr_disc"}], "product_references": [{"code": "test_prod_pct_pro_blank_and_pct_pro_vc_curr_disc"}], "categories": {}}, {"code": "test_pct_pro_blank_and_fixed_vc_curr_store", "friendly_name": "PCT PRO blank and FIXED VC Curr Storefront", "metadata": {}, "created_at": "2021-04-27T11:51:56.496725Z", "updated_at": "2021-04-27T11:51:56.497438Z", "title_code": "ru.integr", "catalog": "ru.integr-MAIN-10046", "namespace": "wgpm", "metadata_namespace_filter": [], "metadata_query": [], "tags_query": [], "storefront_id": "01797a09-3dfe-c21d-24fc-f6408d5df1af", "products": [{"code": "test_prod_pct_pro_blank_and_fixed_vc_curr_disc"}], "product_references": [{"code": "test_prod_pct_pro_blank_and_fixed_vc_curr_disc"}], "categories": {}}, {"code": "test_pct_pro_blank_and_abs_vc_curr_store", "friendly_name": "PCT PRO blank and ABS VC Curr Storefront", "metadata": {}, "created_at": "2021-04-27T11:51:56.443395Z", "updated_at": "2021-04-27T11:51:56.443859Z", "title_code": "ru.integr", "catalog": "ru.integr-MAIN-10046", "namespace": "wgpm", "metadata_namespace_filter": [], "metadata_query": [], "tags_query": [], "storefront_id": "01797a09-3dfe-dcb0-a450-e6f9c1d45663", "products": [{"code": "test_prod_pct_pro_blank_and_abs_vc_curr_disc"}], "product_references": [{"code": "test_prod_pct_pro_blank_and_abs_vc_curr_disc"}], "categories": {}}, {"code": "test_pct_pro_blank_and_pct_pro_zone_store", "friendly_name": "PCT PRO blank and PCT PRO rm_zone Storefront", "metadata": {}, "created_at": "2021-04-27T11:51:56.433395Z", "updated_at": "2021-04-27T11:51:56.433899Z", "title_code": "ru.integr", "catalog": "ru.integr-MAIN-10046", "namespace": "wgpm", "metadata_namespace_filter": [], "metadata_query": [], "tags_query": [], "storefront_id": "01797a09-3dfe-042c-84f1-476914e41d8d", "products": [{"code": "test_product_pct_pro_blank_pct_pro_zone_rm"}], "product_references": [{"code": "test_product_pct_pro_blank_pct_pro_zone_rm"}], "categories": {}}, {"code": "test_pct_pro_blank_and_pct_pro_country_store", "friendly_name": "PCT PRO blank and PCT PRO rm_country Storefront", "metadata": {}, "created_at": "2021-04-27T11:51:56.383077Z", "updated_at": "2021-04-27T11:51:56.383620Z", "title_code": "ru.integr", "catalog": "ru.integr-MAIN-10046", "namespace": "wgpm", "metadata_namespace_filter": [], "metadata_query": [], "tags_query": [], "storefront_id": "01797a09-3dfe-9739-c7f4-3bbcb6d4f54f", "products": [{"code": "test_product_pct_pro_blank_pct_pro_country_rm"}], "product_references": [{"code": "test_product_pct_pro_blank_pct_pro_country_rm"}], "categories": {}}, {"code": "test_pct_pro_blank_and_fixed_zone_store", "friendly_name": "PCT PRO blank and FIXED rm_zone Storefront", "metadata": {}, "created_at": "2021-04-27T11:51:56.379756Z", "updated_at": "2021-04-27T11:51:56.380241Z", "title_code": "ru.integr", "catalog": "ru.integr-MAIN-10046", "namespace": "wgpm", "metadata_namespace_filter": [], "metadata_query": [], "tags_query": [], "storefront_id": "01797a09-3dfe-a4c2-bade-e41f24bd8513", "products": [{"code": "test_product_pct_pro_blank_fixed_zone_rm"}], "product_references": [{"code": "test_product_pct_pro_blank_fixed_zone_rm"}], "categories": {}}, {"code": "test_pct_pro_blank_and_fixed_country_store", "friendly_name": "PCT PRO blank and FIXED rm_country Storefront", "metadata": {}, "created_at": "2021-04-27T11:51:56.324280Z", "updated_at": "2021-04-27T11:51:56.324730Z", "title_code": "ru.integr", "catalog": "ru.integr-MAIN-10046", "namespace": "wgpm", "metadata_namespace_filter": [], "metadata_query": [], "tags_query": [], "storefront_id": "01797a09-3dfe-e59c-0515-607c7ce1f8cb", "products": [{"code": "test_product_pct_pro_blank_fixed_country_rm"}], "product_references": [{"code": "test_product_pct_pro_blank_fixed_country_rm"}], "categories": {}}, {"code": "test_pct_pro_blank_and_abs_zone_store", "friendly_name": "PCT PRO blank and ABS rm_zone Storefront", "metadata": {}, "created_at": "2021-04-27T11:51:56.322439Z", "updated_at": "2021-04-27T11:51:56.322912Z", "title_code": "ru.integr", "catalog": "ru.integr-MAIN-10046", "namespace": "wgpm", "metadata_namespace_filter": [], "metadata_query": [], "tags_query": [], "storefront_id": "01797a09-3dfe-80a6-ef67-55ebc6cbb3aa", "products": [{"code": "test_product_pct_pro_blank_abs_zone_rm"}], "product_references": [{"code": "test_product_pct_pro_blank_abs_zone_rm"}], "categories": {}}, {"code": "test_pct_pro_blank_and_abs_country_store", "friendly_name": "PCT PRO blank and ABS rm_country Storefront", "metadata": {}, "created_at": "2021-04-27T11:51:56.267888Z", "updated_at": "2021-04-27T11:51:56.268492Z", "title_code": "ru.integr", "catalog": "ru.integr-MAIN-10046", "namespace": "wgpm", "metadata_namespace_filter": [], "metadata_query": [], "tags_query": [], "storefront_id": "01797a09-3dfe-aaed-b51b-428c3b0c7638", "products": [{"code": "test_product_pct_pro_blank_abs_country_rm"}], "product_references": [{"code": "test_product_pct_pro_blank_abs_country_rm"}], "categories": {}}, {"code": "test_pct_pro_zone_and_pct_pro_country_store", "friendly_name": "PCT PRO rm_zone and PCT_PRO rm_country Storefront", "metadata": {}, "created_at": "2021-04-27T11:51:56.259426Z", "updated_at": "2021-04-27T11:51:56.259926Z", "title_code": "ru.integr", "catalog": "ru.integr-MAIN-10046", "namespace": "wgpm", "metadata_namespace_filter": [], "metadata_query": [], "tags_query": [], "storefront_id": "01797a09-3dfe-f55b-9555-c0420ed64ffc", "products": [{"code": "test_product_pct_pro_zone_pct_pro_country_rm"}], "product_references": [{"code": "test_product_pct_pro_zone_pct_pro_country_rm"}], "categories": {}}, {"code": "test_pct_pro_zone_and_fixed_country_store", "friendly_name": "PCT PRO rm_zone and FIXED rm_country Storefront", "metadata": {}, "created_at": "2021-04-27T11:51:56.201542Z", "updated_at": "2021-04-27T11:51:56.202057Z", "title_code": "ru.integr", "catalog": "ru.integr-MAIN-10046", "namespace": "wgpm", "metadata_namespace_filter": [], "metadata_query": [], "tags_query": [], "storefront_id": "01797a09-3dfe-dd0e-aa2e-455ab5eeebff", "products": [{"code": "test_product_pct_pro_zone_fixed_country_rm"}], "product_references": [{"code": "test_product_pct_pro_zone_fixed_country_rm"}], "categories": {}}, {"code": "test_pct_pro_zone_and_abs_country_store", "friendly_name": "PCT PRO rm_zone and ABS rm_country Storefront", "metadata": {}, "created_at": "2021-04-27T11:51:56.201557Z", "updated_at": "2021-04-27T11:51:56.202194Z", "title_code": "ru.integr", "catalog": "ru.integr-MAIN-10046", "namespace": "wgpm", "metadata_namespace_filter": [], "metadata_query": [], "tags_query": [], "storefront_id": "01797a09-3dfe-a7c8-f19f-35a8346e3610", "products": [{"code": "test_product_pct_pro_zone_abs_country_rm"}], "product_references": [{"code": "test_product_pct_pro_zone_abs_country_rm"}], "categories": {}}, {"code": "test_fixed_zone_and_pct_pro_country_store", "friendly_name": "FIXED rm_zone and PCT PRO rm_country Storefront", "metadata": {}, "created_at": "2021-04-27T11:51:56.138838Z", "updated_at": "2021-04-27T11:51:56.139348Z", "title_code": "ru.integr", "catalog": "ru.integr-MAIN-10046", "namespace": "wgpm", "metadata_namespace_filter": [], "metadata_query": [], "tags_query": [], "storefront_id": "01797a09-3dfe-4411-9ddc-0bc12b491eb6", "products": [{"code": "test_product_fixed_zone_pct_pro_country_rm"}], "product_references": [{"code": "test_product_fixed_zone_pct_pro_country_rm"}], "categories": {}}, {"code": "test_fixed_zone_and_fixed_country_store", "friendly_name": "FIXED rm_zone and FIXED rm_country Storefront", "metadata": {}, "created_at": "2021-04-27T11:51:56.135150Z", "updated_at": "2021-04-27T11:51:56.135749Z", "title_code": "ru.integr", "catalog": "ru.integr-MAIN-10046", "namespace": "wgpm", "metadata_namespace_filter": [], "metadata_query": [], "tags_query": [], "storefront_id": "01797a09-3dfe-cf98-9cfc-46b855373e06", "products": [{"code": "test_product_fixed_zone_fixed_country_rm"}], "product_references": [{"code": "test_product_fixed_zone_fixed_country_rm"}], "categories": {}}, {"code": "test_fixed_zone_and_abs_country_store", "friendly_name": "FIXED rm_zone and ABS rm_country Storefront", "metadata": {}, "created_at": "2021-04-27T11:51:56.069557Z", "updated_at": "2021-04-27T11:51:56.070154Z", "title_code": "ru.integr", "catalog": "ru.integr-MAIN-10046", "namespace": "wgpm", "metadata_namespace_filter": [], "metadata_query": [], "tags_query": [], "storefront_id": "01797a09-3dfe-df88-2656-a2a47fac8ccb", "products": [{"code": "test_product_fixed_zone_abs_country_rm"}], "product_references": [{"code": "test_product_fixed_zone_abs_country_rm"}], "categories": {}}, {"code": "test_abs_zone_and_pct_pro_country_store", "friendly_name": "ABS rm_zone and PCT PRO rm_country Storefront", "metadata": {}, "created_at": "2021-04-27T11:51:56.069752Z", "updated_at": "2021-04-27T11:51:56.070324Z", "title_code": "ru.integr", "catalog": "ru.integr-MAIN-10046", "namespace": "wgpm", "metadata_namespace_filter": [], "metadata_query": [], "tags_query": [], "storefront_id": "01797a09-3dfe-6f43-a84b-d67e41dab052", "products": [{"code": "test_product_abs_zone_pct_pro_country_rm"}], "product_references": [{"code": "test_product_abs_zone_pct_pro_country_rm"}], "categories": {}}, {"code": "test_abs_zone_and_fixed_country_store", "friendly_name": "ABS rm_zone and FIXED rm_country Storefront", "metadata": {}, "created_at": "2021-04-27T11:51:56.011258Z", "updated_at": "2021-04-27T11:51:56.011732Z", "title_code": "ru.integr", "catalog": "ru.integr-MAIN-10046", "namespace": "wgpm", "metadata_namespace_filter": [], "metadata_query": [], "tags_query": [], "storefront_id": "01797a09-3dff-4c29-d9a4-f196c13eaed9", "products": [{"code": "test_product_abs_zone_fixed_country_rm"}], "product_references": [{"code": "test_product_abs_zone_fixed_country_rm"}], "categories": {}}, {"code": "test_abs_zone_and_abs_country_store", "friendly_name": "ABS rm_zone and ABS rm_country Storefront", "metadata": {}, "created_at": "2021-04-27T11:51:56.011283Z", "updated_at": "2021-04-27T11:51:56.011790Z", "title_code": "ru.integr", "catalog": "ru.integr-MAIN-10046", "namespace": "wgpm", "metadata_namespace_filter": [], "metadata_query": [], "tags_query": [], "storefront_id": "01797a09-3dff-532d-341e-e538b0c50fe0", "products": [{"code": "test_product_abs_zone_abs_country_rm"}], "product_references": [{"code": "test_product_abs_zone_abs_country_rm"}], "categories": {}}, {"code": "test_pct_pro_blank_zone_country_store", "friendly_name": "PCT PRO blank, rm_zone, and rm_country Storefront", "metadata": {}, "created_at": "2021-04-27T11:51:55.936695Z", "updated_at": "2021-04-27T11:51:55.937364Z", "title_code": "ru.integr", "catalog": "ru.integr-MAIN-10046", "namespace": "wgpm", "metadata_namespace_filter": [], "metadata_query": [], "tags_query": [], "storefront_id": "01797a09-3dff-9b18-4e72-17b640c0f968", "products": [{"code": "test_product_pct_pro_blank_zone_country_rm"}], "product_references": [{"code": "test_product_pct_pro_blank_zone_country_rm"}], "categories": {}}, {"code": "test_pct_pro_blank_and_fixed_zone_country_store", "friendly_name": "PCT PRO blank, FIXED rm_zone and rm_country Store", "metadata": {}, "created_at": "2021-04-27T11:51:55.933699Z", "updated_at": "2021-04-27T11:51:55.934220Z", "title_code": "ru.integr", "catalog": "ru.integr-MAIN-10046", "namespace": "wgpm", "metadata_namespace_filter": [], "metadata_query": [], "tags_query": [], "storefront_id": "01797a09-3dff-979b-dc96-281b45158721", "products": [{"code": "test_product_pct_pro_blank_fixed_zone_country_rm"}], "product_references": [{"code": "test_product_pct_pro_blank_fixed_zone_country_rm"}], "categories": {}}, {"code": "test_entitlement_price_store", "friendly_name": "for test with entitlement price", "metadata": {}, "created_at": "2021-04-27T11:51:55.872020Z", "updated_at": "2021-04-27T11:51:55.872465Z", "title_code": "ru.integr", "catalog": "ru.integr-MAIN-10046", "namespace": "wgpm", "metadata_namespace_filter": [], "metadata_query": [], "tags_query": [], "storefront_id": "017a5291-1399-5459-d236-328fa3e9a1b9", "products": [{"code": "test_product_entitlement_price"}], "product_references": [{"code": "test_product_entitlement_price"}], "categories": {}}, {"code": "test_pct_pro_blank_and_abs_zone_country_store", "friendly_name": "PCT PRO blank, ABS rm_zone and rm_country Store", "metadata": {}, "created_at": "2021-04-27T11:51:55.870200Z", "updated_at": "2021-04-27T11:51:55.870670Z", "title_code": "ru.integr", "catalog": "ru.integr-MAIN-10046", "namespace": "wgpm", "metadata_namespace_filter": [], "metadata_query": [], "tags_query": [], "storefront_id": "01797a09-3dff-75ad-c33b-ec187061962c", "products": [{"code": "test_product_pct_pro_blank_abs_zone_country_rm"}], "product_references": [{"code": "test_product_pct_pro_blank_abs_zone_country_rm"}], "categories": {}}, {"code": "test_empty_category_store", "friendly_name": "Test Storefront Empty Cat", "metadata": {}, "created_at": "2021-04-27T11:51:55.813194Z", "updated_at": "2021-04-27T11:51:55.813633Z", "title_code": "ru.integr", "catalog": "ru.integr-MAIN-10046", "namespace": "wgpm", "metadata_namespace_filter": [], "metadata_query": [], "tags_query": [], "storefront_id": "01797a09-3dff-e793-4779-1d433a971017", "products": [{"code": "test_product_empty_cat"}], "product_references": [{"code": "test_product_empty_cat"}], "categories": {}}, {"code": "test_single_category_full_store", "friendly_name": "Test Storefront Single Cat Full", "metadata": {}, "created_at": "2021-04-27T11:51:55.781033Z", "updated_at": "2021-04-27T11:51:55.781471Z", "title_code": "ru.integr", "catalog": "ru.integr-MAIN-10046", "namespace": "wgpm", "metadata_namespace_filter": [], "metadata_query": [], "tags_query": [], "storefront_id": "01797a09-3dff-0d7f-0925-3ad9fade037d", "products": [{"code": "test_product_single_exist_cat_full"}], "product_references": [{"code": "test_product_single_exist_cat_full"}], "categories": {"test_category_exist_full": {"parent": null, "metadata": {"meta": "data"}, "order": 0, "activate_at": 10000, "deactivate_at": 4676309000}}}, {"code": "test_single_category_empty_store", "friendly_name": "Test Storefront Single Cat Empty", "metadata": {}, "created_at": "2021-04-27T11:51:55.708401Z", "updated_at": "2021-04-27T11:51:55.708868Z", "title_code": "ru.integr", "catalog": "ru.integr-MAIN-10046", "namespace": "wgpm", "metadata_namespace_filter": [], "metadata_query": [], "tags_query": [], "storefront_id": "01797a09-3dff-da90-9edf-7bf66dde93c1", "products": [{"code": "test_product_single_exist_cat_empty"}], "product_references": [{"code": "test_product_single_exist_cat_empty"}], "categories": {"test_category_exist_empty": {"parent": null, "metadata": {}, "order": 0}}}, {"code": "test_multi_categories_full_store", "friendly_name": "Test Storefront Multiple Categories", "metadata": {}, "created_at": "2021-04-27T11:51:55.668081Z", "updated_at": "2021-04-27T11:51:55.668566Z", "title_code": "ru.integr", "catalog": "ru.integr-MAIN-10046", "namespace": "wgpm", "metadata_namespace_filter": [], "metadata_query": [], "tags_query": [], "storefront_id": "01797a09-3dff-26b9-d876-42aa1b06ce46", "products": [{"code": "test_product_multi_exist_cat_full"}], "product_references": [{"code": "test_product_multi_exist_cat_full"}], "categories": {"test_category_exist_child": {"parent": "test_category_exist_parent", "metadata": {"meta": "data"}, "order": 0, "activate_at": 10000, "deactivate_at": 4676309000}, "test_category_exist_parent": {"parent": null, "metadata": {"meta": "data"}, "order": 0, "activate_at": 10000, "deactivate_at": 4676309000}}}, {"code": "test_store_frontline", "friendly_name": "Test FrontLine Storefront", "metadata": {}, "created_at": "2021-04-27T11:51:55.639777Z", "updated_at": "2021-04-27T11:51:55.640448Z", "title_code": "ru.integr", "catalog": "ru.integr-MAIN-10046", "namespace": "wgpm", "metadata_namespace_filter": [], "metadata_query": [], "tags_query": [], "storefront_id": "01797a09-3dff-eaf8-c24b-baace6f30660", "products": [{"code": "test_product_frontline_tank_buy"}], "product_references": [{"code": "test_product_frontline_tank_buy"}], "categories": {}}, {"code": "test_multi_categories_half_non_exist_store", "friendly_name": "Test Storefront Multiple Categories", "metadata": {}, "created_at": "2021-04-27T11:51:55.545221Z", "updated_at": "2021-04-27T11:51:55.545807Z", "title_code": "ru.integr", "catalog": "ru.integr-MAIN-10046", "namespace": "wgpm", "metadata_namespace_filter": [], "metadata_query": [], "tags_query": [], "storefront_id": "01797a09-3dff-c4a1-91a3-9878ed59efea", "products": [{"code": "test_product_multi_exist_cat_half"}], "product_references": [{"code": "test_product_multi_exist_cat_half"}], "categories": {"test_category_exist_parent": {"parent": null, "metadata": {}, "order": 0, "activate_at": 10000}, "test_category_non_exist": {"parent": null, "metadata": {}, "order": 0, "deactivate_at": 4676309000}}}, {"code": "test_non_exist_categories_store", "friendly_name": "Test Storefront Non Exist Categories", "metadata": {}, "created_at": "2021-04-27T11:51:55.544411Z", "updated_at": "2021-04-27T11:51:55.544976Z", "title_code": "ru.integr", "catalog": "ru.integr-MAIN-10046", "namespace": "wgpm", "metadata_namespace_filter": [], "metadata_query": [], "tags_query": [], "storefront_id": "01797a09-3dff-62af-b17f-75c288a2dcf9", "products": [{"code": "test_product_non_exist_cat"}], "product_references": [{"code": "test_product_non_exist_cat"}], "categories": {"test_category_non_exist": {"parent": null, "metadata": {}, "order": 0, "activate_at": 10000, "deactivate_at": 4676309000}}}, {"code": "test_storefront_gift_with_pm_settings", "friendly_name": "Test Storefront Gift Product With PM", "metadata": {}, "created_at": "2021-04-27T11:51:55.461385Z", "updated_at": "2021-04-27T11:51:55.462109Z", "title_code": "ru.integr", "catalog": "ru.integr-MAIN-10046", "namespace": "wgpm", "metadata_namespace_filter": [], "metadata_query": [], "tags_query": [], "storefront_id": "01797a62-930f-1961-1581-635d8fff3100", "products": [{"code": "test_gift_product_with_pm"}, {"code": "test_gift_product_without_pm"}], "product_references": [{"code": "test_gift_product_with_pm"}, {"code": "test_gift_product_without_pm"}], "categories": {"test_category_non_exist": {"parent": null, "metadata": {}, "order": 0, "activate_at": 10000, "deactivate_at": 4676309000}}}, {"code": "test_storefront_with_payment_method_settings", "friendly_name": "Test Storefront With Payment Method Settings", "metadata": {}, "created_at": "2021-04-27T11:51:55.454431Z", "updated_at": "2021-04-27T11:51:55.454990Z", "title_code": "ru.integr", "catalog": "ru.integr-MAIN-10046", "namespace": "wgpm", "metadata_namespace_filter": [], "metadata_query": [], "tags_query": [], "storefront_id": "01797a62-930f-53f6-4b1c-8cf435736615", "products": [{"code": "test_product_with_payment_method_settings"}, {"code": "test_product_without_payment_method_settings"}], "product_references": [{"code": "test_product_with_payment_method_settings"}, {"code": "test_product_without_payment_method_settings"}], "categories": {"test_category_non_exist": {"parent": null, "metadata": {}, "order": 0, "activate_at": 10000, "deactivate_at": 4676309000}}}, {"code": "test_store_gift_wo_pm_restricted_countries", "friendly_name": "Test Storefront Restricted Countries GIFT WO PM", "metadata": {}, "created_at": "2021-04-27T11:51:55.368930Z", "updated_at": "2021-04-27T11:51:55.369684Z", "title_code": "ru.integr", "catalog": "ru.integr-MAIN-10046", "namespace": "wgpm", "metadata_namespace_filter": [], "metadata_query": [], "tags_query": [], "storefront_id": "0179a888-c198-ba5c-ac93-498cc5d70d14", "products": [{"code": "test_gift_product_wo_pm_restricted_countries"}], "product_references": [{"code": "test_gift_product_wo_pm_restricted_countries"}], "categories": {"test_category_non_exist": {"parent": null, "metadata": {}, "order": 0, "activate_at": 10000, "deactivate_at": 4676309000}}}, {"code": "test_store_restricted_countries", "friendly_name": "Test Storefront Restricted Countries", "metadata": {}, "created_at": "2021-04-27T11:51:55.364233Z", "updated_at": "2021-04-27T11:51:55.364828Z", "title_code": "ru.integr", "catalog": "ru.integr-MAIN-10046", "namespace": "wgpm", "metadata_namespace_filter": [], "metadata_query": [], "tags_query": [], "storefront_id": "01797a09-3dff-b249-3504-b7bbde0e92bf", "products": [{"code": "test_product_restricted"}], "product_references": [{"code": "test_product_restricted"}], "categories": {"test_category_non_exist": {"parent": null, "metadata": {}, "order": 0, "activate_at": 10000, "deactivate_at": 4676309000}}}, {"code": "test_store_new_tools", "friendly_name": "test_store_new_tools", "metadata": {}, "created_at": "2021-06-28T12:37:29.424709Z", "updated_at": "2021-06-28T12:37:29.425344Z", "title_code": "ru.integr", "catalog": "ru.integr-MAIN-10046", "namespace": "wgpm", "metadata_namespace_filter": [], "metadata_query": [], "tags_query": [], "storefront_id": "017acea4-7340-7ca7-cddb-3e04fe6cd05e", "products": [{"code": "test_product_min_of_3"}, {"code": "test_product_contains_comp_within_product"}, {"code": "test_product_contains_comp_within_entitlement"}, {"code": "test_product_basic_metadata"}, {"code": "test_product_localizable_metadata"}, {"code": "test_product_with_prereq_entitlement_a"}, {"code": "test_spa_product"}], "product_references": [{"code": "test_product_min_of_3"}, {"code": "test_product_contains_comp_within_product"}, {"code": "test_product_contains_comp_within_entitlement"}, {"code": "test_product_basic_metadata"}, {"code": "test_product_localizable_metadata"}, {"code": "test_product_with_prereq_entitlement_a"}, {"code": "test_spa_product"}], "categories": {}}]